Antal nya cancerfall per 100 000 personer (crude rate), Ålder: 45-85+, Män, Diagnos:177 Prostata (blåshalskörtel), oavsett tumörtyp
År;Region;45­49;50­54;55­59;60­64;65­69;70­74;75­79;80­84;85+;Totalt
2017;Riket;30,88;110,43;284,69;528,88;793,05;853,48;923,13;749,65;594,73;472,58
2017;Stockholms län;36,17;101,52;225,30;355,49;592,67;650,83;789,37;608,01;658,11;343,42
2017;Uppsala län;17,31;93,34;240,28;478,37;983,32;1025,42;1048,47;786,94;638,87;515,41
2017;Södermanlands län;31,88;120,59;285,63;601,77;782,89;860,12;1289,66;1107,80;902,20;567,09
2017;Östergötlands län;33,71;65,07;264,29;599,68;984,45;1104,48;982,95;843,63;450,96;536,44
2017;Jönköpings län;25,33;106,86;286,83;696,01;953,37;821,33;1027,67;928,75;699,58;536,38
2017;Kronobergs län;31,89;170,37;393,03;733,26;1004,08;835,45;805,33;779,97;1385,36;595,38
2017;Kalmar län;39,10;35,42;199,72;510,11;782,49;829,31;603,43;441,18;496,98;426,84
2017;Gotlands län;55,40;146,99;476,06;632,45;984,53;896,19;1162,34;1381,91;492,21;642,54
2017;Blekinge län;18,83;144,69;210,48;561,74;669,24;1018,78;946,89;852,40;786,74;516,74
2017;Skåne län;29,59;123,73;259,49;420,96;615,41;812,87;811,92;731,90;430,62;412,14
2017;Hallands län;36,58;80,49;331,74;656,48;770,63;843,66;917,80;461,95;331,18;469,70
2017;Västra Götalands län;30,80;114,88;297,51;653,83;789,41;841,70;1003,08;847,53;711,42;502,00
2017;Värmlands län;21,94;190,37;513,61;922,75;1773,69;1281,31;1359,45;842,66;495,97;811,55
2017;Örebro län;0,00;111,85;280,54;392,95;659,80;608,74;735,43;760,23;510,67;394,58
2017;Västmanlands län;55,11;156,58;357,16;526,66;1025,06;659,98;887,90;671,86;682,35;505,21
2017;Dalarnas län;0,00;124,03;235,99;417,45;825,74;802,92;790,25;503,31;192,46;437,55
2017;Gävleborgs län;64,28;69,69;279,41;496,94;716,58;1034,23;1118,64;995,96;464,19;529,91
2017;Västernorrlands län;12,37;58,27;488,38;623,64;798,64;1019,38;1112,82;885,74;632,66;577,23
2017;Jämtlands län;99,73;180,46;428,10;562,32;941,34;1167,36;1537,25;717,27;634,03;657,69
2017;Västerbottens län;12,30;105,49;305,93;683,82;979,79;1273,54;877,38;704,87;865,97;596,40
2017;Norrbottens län;12,24;135,01;288,72;449,60;634,21;830,41;588,40;582,28;117,12;404,22
2016;Riket;34,89;108,70;284,39;524,52;833,96;929,97;963,34;815,78;647,44;493,86
2016;Stockholms län;26,54;113,78;246,97;404,63;715,90;898,21;943,35;696,90;587,16;405,10
2016;Uppsala län;26,25;105,16;451,15;557,94;754,86;1001,50;1005,85;970,14;619,20;526,22
2016;Södermanlands län;41,80;41,32;242,37;507,58;980,60;1161,25;1157,22;1212,12;1648,05;627,74
2016;Östergötlands län;33,44;175,41;332,74;665,37;905,01;1098,07;1187,45;875,50;812,27;592,12
2016;Jönköpings län;33,27;93,45;267,93;541,34;862,32;857,62;1035,58;868,49;836,71;507,35
2016;Kronobergs län;78,47;209,69;486,05;651,47;1102,94;1215,57;1124,89;715,49;699,63;657,50
2016;Kalmar län;50,85;109,66;200,47;632,51;735,16;891,19;969,34;928,14;507,89;515,40
2016;Gotlands län;0,00;101,68;154,12;734,93;651,92;986,50;1552,29;1198,40;163,40;567,67
2016;Blekinge län;0,00;75,00;319,32;493,56;1037,39;804,46;1071,48;1051,67;572,57;541,37
2016;Skåne län;38,62;116,06;260,15;598,67;823,84;902,10;968,44;740,34;596,71;491,48
2016;Hallands län;63,97;102,11;365,29;519,17;899,06;949,88;863,46;562,10;578,30;505,49
2016;Västra Götalands län;41,29;132,57;291,16;529,23;805,63;798,34;911,63;741,52;627,31;468,68
2016;Värmlands län;42,86;61,93;384,75;618,78;1160,75;1043,12;1142,33;889,85;852,27;623,82
2016;Örebro län;30,64;62,26;177,55;343,44;697,21;762,54;1007,99;902,02;403,30;420,32
2016;Västmanlands län;43,45;85,91;399,85;503,04;1070,42;1054,20;852,05;788,15;622,71;550,50
2016;Dalarnas län;21,92;21,05;134,09;254,33;577,67;699,81;561,31;695,65;323,52;334,51
2016;Gävleborgs län;10,52;81,77;301,73;705,39;1076,47;1273,32;1142,35;1092,45;810,95;655,64
2016;Västernorrlands län;36,09;72,59;371,91;560,89;1072,23;942,22;908,91;1096,22;475,72;572,44
2016;Jämtlands län;24,36;116,52;348,26;698,49;980,94;1023,46;952,18;845,92;773,56;596,18
2016;Västerbottens län;12,09;133,11;262,53;483,21;737,29;1027,54;684,13;1104,80;810,21;501,74
2016;Norrbottens län;59,48;80,05;226,03;621,23;663,77;984,44;879,59;564,17;283,34;468,48
2015;Riket;27,16;112,38;282,27;556,03;870,77;930,16;944,34;851,20;545,13;495,88
2015;Stockholms län;25,31;148,33;330,29;612,10;953,39;1021,94;913,99;767,95;526,26;488,97
2015;Uppsala län;17,48;100,74;339,14;612,45;793,80;991,64;832,61;984,46;281,29;492,32
2015;Södermanlands län;41,12;53,38;254,64;598,21;685,07;720,79;1036,66;1039,91;555,35;475,86
2015;Östergötlands län;26,47;105,02;341,52;615,94;1011,27;1035,85;1245,52;1095,38;899,14;599,32
2015;Jönköpings län;16,44;96,88;343,36;790,87;999,95;1086,58;1178,51;1207,40;736,50;614,74
2015;Kronobergs län;77,51;117,37;374,36;641,75;1071,99;1106,53;864,77;945,63;373,83;583,90
2015;Kalmar län;37,32;63,21;238,71;730,06;947,32;742,27;1033,54;891,62;438,92;535,29
2015;Gotlands län;52,80;52,60;347,83;639,76;1011,03;1045,39;1287,00;1220,34;334,73;620,92
2015;Blekinge län;18,02;137,03;321,30;615,45;971,34;996,86;781,74;1356,73;465,66;570,95
2015;Skåne län;38,48;132,43;291,65;586,83;894,34;976,81;964,92;755,81;460,36;507,93
2015;Hallands län;18,13;145,05;210,00;551,98;713,28;734,60;742,18;856,95;405,55;432,32
2015;Västra Götalands län;19,46;96,49;238,69;475,94;808,01;757,64;762,35;827,98;644,32;433,21
2015;Värmlands län;31,38;128,71;323,91;514,40;1058,15;982,99;1218,48;870,04;608,10;579,29
2015;Örebro län;30,44;74,92;201,98;433,15;625,20;966,37;938,40;765,06;628,35;446,67
2015;Västmanlands län;21,23;44,69;151,13;589,51;948,37;1011,47;1079,21;806,45;671,27;516,62
2015;Dalarnas län;21,62;64,55;132,15;283,70;573,50;567,91;641,73;511,30;291,88;319,13
2015;Gävleborgs län;30,93;63,01;411,16;557,22;945,91;1264,09;1613,35;989,42;587,73;647,21
2015;Västernorrlands län;47,09;75,53;212,69;570,12;904,05;935,10;925,83;802,72;716,85;522,66
2015;Jämtlands län;47,16;168,53;170,57;301,62;669,84;994,09;671,00;920,81;356,13;434,99
2015;Västerbottens län;11,85;136,42;319,29;443,90;854,75;905,46;1021,30;841,15;532,90;503,22
2015;Norrbottens län;0,00;105,00;223,57;427,70;742,32;977,72;752,25;522,50;294,92;430,75
2014;Riket;21,82;131,69;323,53;651,09;1033,78;929,30;877,22;771,30;647,99;532,08
2014;Stockholms län;31,37;286,89;668,83;1307,17;2104,93;1155,51;884,38;773,16;668,25;817,60
2014;Uppsala län;43,03;38,27;288,97;604,97;622,76;867,26;677,13;591,44;797,53;428,00
2014;Södermanlands län;20,09;77,35;186,49;320,04;765,15;670,17;899,37;1076,59;752,73;431,52
2014;Östergötlands län;0,00;72,59;222,33;564,58;905,24;1046,77;1262,54;992,45;640,19;535,06
2014;Jönköpings län;8,14;91,05;247,32;580,42;809,00;863,40;883,84;811,26;547,27;466,11
2014;Kronobergs län;30,60;172,61;194,81;646,37;866,86;985,86;1020,25;1040,76;986,61;562,58
2014;Kalmar län;60,93;143,05;249,05;536,26;933,89;1111,84;942,80;694,01;477,33;546,47
2014;Gotlands län;50,66;0,00;98,50;432,90;552,61;523,56;1202,59;554,79;686,11;379,40
2014;Blekinge län;17,87;141,30;279,84;646,57;743,63;894,09;516,80;627,87;765,83;472,76
2014;Skåne län;31,45;107,57;252,60;527,63;910,43;840,53;739,44;627,38;397,39;448,91
2014;Hallands län;26,95;110,81;317,06;557,49;870,47;926,22;1096,96;732,09;762,63;523,49
2014;Västra Götalands län;8,70;61,48;217,43;444,88;675,99;745,69;830,32;746,99;612,27;396,69
2014;Värmlands län;10,15;143,68;391,13;548,04;900,53;951,53;1018,55;1052,92;880,63;568,41
2014;Örebro län;0,00;55,36;71,61;308,85;517,34;562,70;463,26;645,68;334,63;283,14
2014;Västmanlands län;10,43;92,96;266,09;511,61;855,05;1141,31;1082,13;975,93;1190,25;556,13
2014;Dalarnas län;21,14;43,99;260,95;381,54;734,26;520,57;590,36;684,93;555,37;381,39
2014;Gävleborgs län;0,00;43,14;121,82;448,48;781,55;1279,65;1122,74;966,85;1021,85;533,85
2014;Västernorrlands län;23,04;103,80;259,24;531,69;939,82;1158,13;1470,74;931,82;805,32;606,51
2014;Jämtlands län;22,76;221,89;355,66;595,24;1024,77;1189,61;724,02;862,33;576,37;586,39
2014;Västerbottens län;23,28;87,94;219,73;559,30;827,28;1127,82;820,58;526,14;622,28;486,88
2014;Norrbottens län;22,41;47,34;93,21;409,65;727,64;806,39;647,51;562,05;522,99;381,25
2013;Riket;24,30;112,93;278,06;566,24;859,11;838,85;856,34;808,63;620,42;473,89
2013;Stockholms län;33,77;178,95;446,31;842,91;1302,77;934,76;862,54;904,18;628,23;583,14
2013;Uppsala län;8,56;108,72;239,02;410,27;683,11;674,25;807,07;745,69;373,97;383,02
2013;Södermanlands län;0,00;79,06;210,96;564,50;690,64;860,25;948,87;752,00;764,23;460,07
2013;Östergötlands län;19,48;134,31;254,76;416,24;786,16;1058,25;1182,91;1031,46;743,85;511,31
2013;Jönköpings län;8,15;168,37;237,98;572,23;928,53;864,44;862,31;781,84;719,52;494,78
2013;Kronobergs län;45,85;281,00;300,09;763,99;905,95;711,01;861,24;859,85;717,19;548,84
2013;Kalmar län;36,07;132,88;309,56;564,42;1023,89;696,49;833,88;759,73;259,55;499,91
2013;Gotlands län;99,23;107,27;196,90;521,08;650,56;562,85;484,26;1432,66;694,44;433,24
2013;Blekinge län;36,03;82,26;321,72;608,95;768,32;900,90;765,90;982,80;897,13;518,11
2013;Skåne län;33,62;80,10;247,86;554,32;817,34;831,01;867,33;694,47;446,80;446,92
2013;Hallands län;17,99;176,25;286,96;734,87;845,56;949,09;836,98;651,28;615,38;516,85
2013;Västra Götalands län;17,27;67,13;230,99;445,12;699,45;700,93;719,18;672,30;652,02;387,12
2013;Värmlands län;29,94;101,25;144,52;352,70;691,04;658,18;869,05;830,65;596,72;400,89
2013;Örebro län;20,23;22,78;106,47;367,85;418,04;431,25;447,83;1115,36;521,51;294,10
2013;Västmanlands län;41,64;131,85;255,59;633,42;1033,92;957,99;1061,74;1042,18;884,96;572,50
2013;Dalarnas län;10,39;22,34;192,55;400,82;684,87;892,31;734,20;496,83;866,23;414,98
2013;Gävleborgs län;19,73;44,10;230,35;322,38;720,50;1151,98;812,44;1070,40;678,33;469,83
2013;Västernorrlands län;0,00;92,00;329,85;551,55;861,14;975,61;1048,46;967,84;496,69;531,24
2013;Jämtlands län;22,29;99,84;255,46;894,05;1137,95;1346,70;1971,09;797,06;924,61;732,53
2013;Västerbottens län;23,03;88,64;194,39;487,17;602,41;824,95;862,07;829,19;675,39;425,28
2013;Norrbottens län;0,00;70,87;161,13;393,10;462,44;696,11;758,66;631,48;449,84;343,23
2012;Riket;21,69;114,65;271,51;501,37;782,09;872,72;811,13;765,02;632,38;448,70
2012;Stockholms län;16,51;156,71;321,78;635,83;963,33;892,53;711,12;753,08;824,61;471,78
2012;Uppsala län;25,95;110,29;169,81;329,00;685,57;726,17;735,21;715,62;826,60;377,20
2012;Södermanlands län;0,00;171,65;198,96;301,32;611,68;825,21;675,60;768,98;542,32;385,83
2012;Östergötlands län;19,71;60,13;323,97;557,35;946,03;894,73;911,02;972,18;891,57;517,08
2012;Jönköpings län;24,89;132,58;363,69;361,20;873,32;1114,36;861,82;702,19;449,38;477,35
2012;Kronobergs län;109,65;141,62;401,36;778,34;976,76;1047,63;1434,63;1273,07;437,64;651,34
2012;Kalmar län;48,37;134,71;303,68;681,74;718,05;805,06;862,07;852,00;704,88;509,22
2012;Gotlands län;0,00;105,40;196,61;235,24;752,94;612,24;396,83;881,70;695,05;358,74
2012;Blekinge län;0,00;83,76;212,92;548,21;750,71;1024,33;748,43;995,77;553,34;483,71
2012;Skåne län;29,58;102,80;267,18;541,93;680,07;999,79;837,94;735,65;512,44;448,97
2012;Hallands län;18,29;178,20;299,03;545,72;1122,74;1263,19;1099,12;736,34;589,68;583,99
2012;Västra Götalands län;26,16;88,16;252,39;430,25;637,94;734,64;733,12;690,20;580,11;384,07
2012;Värmlands län;10,06;113,13;307,56;447,43;687,03;691,94;666,26;717,99;505,56;409,91
2012;Örebro län;0,00;46,43;174,31;227,89;497,04;537,47;792,45;535,43;484,26;298,69
2012;Västmanlands län;21,13;146,95;295,82;491,61;947,81;994,62;1057,57;1021,75;540,99;529,29
2012;Dalarnas län;0,00;89,53;220,50;369,54;639,29;730,55;668,69;609,17;499,17;377,43
2012;Gävleborgs län;19,89;55,74;194,72;302,15;511,94;730,62;713,85;711,65;646,90;354,68
2012;Västernorrlands län;23,29;130,10;290,75;470,83;791,24;769,80;702,91;908,52;847,82;471,07
2012;Jämtlands län;0,00;148,88;341,84;811,58;1357,57;1246,21;1241,96;799,26;849,26;693,85
2012;Västerbottens län;11,68;75,25;204,68;594,72;971,24;1036,08;974,03;735,17;811,62;518,61
2012;Norrbottens län;33,19;58,60;147,90;517,25;636,39;827,92;902,66;703,36;275,99;407,79
2011;Riket;22,28;113,05;291,24;566,38;846,83;941,81;910,46;878,58;656,07;488,02
2011;Stockholms län;28,83;141,06;330,98;594,29;896,91;1015,07;939,16;963,40;716,34;485,04
2011;Uppsala län;26,56;159,46;404,02;655,25;639,90;675,24;872,23;912,38;378,36;455,19
2011;Södermanlands län;20,93;69,36;152,16;510,26;692,34;769,17;1012,03;936,24;512,01;435,14
2011;Östergötlands län;33,81;67,37;370,36;636,41;1185,17;1385,99;1235,24;1138,83;953,78;650,86
2011;Jönköpings län;8,53;104,13;365,00;647,85;830,33;760,29;753,33;578,91;646,61;465,46
2011;Kronobergs län;32,39;159,29;360,64;603,61;1055,41;1444,13;961,86;1102,40;594,50;620,00
2011;Kalmar län;86,72;80,54;149,84;648,56;725,73;1117,89;876,38;571,43;559,08;491,00
2011;Gotlands län;50,68;50,89;99,03;463,82;588,38;1065,34;823,89;612,56;516,35;406,80
2011;Blekinge län;0,00;84,38;232,04;529,05;830,27;1005,56;692,16;1054,48;949,37;507,86
2011;Skåne län;23,37;124,99;322,49;548,53;851,22;874,33;897,69;809,87;497,62;477,22
2011;Hallands län;9,43;157,76;439,30;625,35;1169,78;1231,51;827,24;1219,69;789,08;625,10
2011;Västra Götalands län;17,89;126,60;300,83;599,16;829,16;912,93;908,31;831,50;650,94;483,77
2011;Värmlands län;20,60;33,63;218,57;556,68;797,65;856,26;592,38;826,23;898,41;452,47
2011;Örebro län;0,00;70,32;173,07;315,36;624,25;518,93;522,07;918,88;369,89;326,11
2011;Västmanlands län;21,70;86,73;283,45;680,98;991,53;1170,88;1133,00;937,55;884,58;584,29
2011;Dalarnas län;0,00;88,46;207,49;482,57;762,22;789,67;873,98;669,08;799,33;445,12
2011;Gävleborgs län;10,17;88,97;128,96;368,04;833,68;628,21;762,49;1044,53;544,07;410,98
2011;Västernorrlands län;12,08;50,45;241,95;556,48;680,72;1101,93;1100,63;729,58;509,88;488,05
2011;Jämtlands län;22,99;122,13;338,41;619,13;983,98;740,09;1118,57;1035,32;1002,51;565,88
2011;Västerbottens län;36,03;122,51;203,97;551,47;837,97;962,24;1134,62;933,18;871,27;517,79
2011;Norrbottens län;0,00;69,70;225,20;407,59;579,54;814,29;935,55;627,06;326,87;387,37
2010;Riket;24,27;107,55;286,26;558,36;866,46;978,96;1000,27;933,76;638,31;497,60
2010;Stockholms län;21,83;133,67;304,09;592,59;930,45;1057,69;1028,39;1067,51;670,83;492,55
2010;Uppsala län;36,67;118,70;415,82;501,41;897,41;847,60;668,42;857,82;384,84;461,71
2010;Södermanlands län;10,81;34,77;186,31;626,55;937,41;863,90;1101,17;585,75;724,35;492,17
2010;Östergötlands län;20,91;89,71;375,75;700,04;1001,15;1352,53;1408,12;1371,14;1201,80;665,25
2010;Jönköpings län;17,61;141,32;211,93;611,10;958,87;1084,17;1176,02;1112,23;705,52;552,68
2010;Kronobergs län;50,30;158,09;372,03;846,46;1120,03;1067,99;1036,62;1147,96;554,85;637,49
2010;Kalmar län;38,19;158,60;284,39;439,83;630,55;843,36;682,11;954,05;379,65;434,95
2010;Gotlands län;52,51;147,71;197,14;502,40;312,26;743,49;627,29;613,50;530,04;353,07
2010;Blekinge län;58,31;105,78;207,21;623,45;875,80;1160,12;814,45;1060,87;645,37;547,76
2010;Skåne län;24,10;112,19;294,29;517,23;784,26;827,61;876,50;811,93;497,02;449,87
2010;Hallands län;19,60;94,60;342,01;525,43;843,93;1172,15;1341,27;829,40;570,18;540,07
2010;Västra Götalands län;25,88;106,49;295,73;596,15;958,40;1043,61;1047,37;904,05;690,59;523,23
2010;Värmlands län;10,64;99,24;270,96;454,01;627,59;773,45;549,84;674,04;744,15;398,97
2010;Örebro län;0,00;35,12;181,97;531,78;681,18;852,51;1078,62;637,86;590,51;428,22
2010;Västmanlands län;33,73;99,49;305,81;539,33;739,27;1030,47;996,64;1015,57;557,34;498,34
2010;Dalarnas län;21,53;75,98;184,82;406,05;780,26;649,81;817,49;976,43;643,41;420,22
2010;Gävleborgs län;20,89;65,93;233,71;356,84;667,62;776,61;783,67;800,44;516,99;396,24
2010;Västernorrlands län;24,96;85,86;252,39;581,15;903,77;899,37;1219,51;1116,43;853,06;551,93
2010;Jämtlands län;0,00;166,63;315,07;537,91;1031,18;1284,80;859,73;840,08;291,23;543,10
2010;Västerbottens län;36,73;83,97;310,67;508,59;1067,04;921,74;1552,05;1187,73;713,81;581,38
2010;Norrbottens län;34,42;57,43;211,08;558,98;721,75;1091,70;872,90;641,54;432,59;455,97
2009;Riket;25,12;123,46;308,03;636,09;963,07;1076,38;1045,51;955,84;774,54;544,27
2009;Stockholms län;22,89;140,90;313,74;701,65;1038,57;1171,23;1177,11;979,01;703,50;539,46
2009;Uppsala län;38,21;108,82;250,08;728,22;756,80;860,83;748,88;873,93;697,81;470,90
2009;Södermanlands län;22,41;139,67;271,55;633,79;1026,89;1186,08;1123,85;1104,79;616,40;585,20
2009;Östergötlands län;14,42;67,75;262,99;615,64;1031,02;929,00;1703,20;1426,92;1218,27;617,66
2009;Jönköpings län;27,20;159,59;382,98;875,49;988,75;1337,90;1515,01;1104,83;773,20;675,53
2009;Kronobergs län;103,62;104,83;398,11;825,87;1152,17;1562,29;1105,53;1101,23;871,12;702,43
2009;Kalmar län;13,00;91,06;379,23;867,82;1177,52;1176,47;1067,49;895,86;734,87;651,06
2009;Gotlands län;0,00;48,74;622,31;501,71;821,24;1521,22;1293,10;1034,74;540,05;602,88
2009;Blekinge län;0,00;127,38;162,29;554,41;1057,42;1024,36;759,36;912,32;1101,04;539,48
2009;Skåne län;32,49;139,72;336,39;614,72;912,51;983,67;870,26;814,21;546,17;507,88
2009;Hallands län;20,39;136,94;275,82;675,61;1080,82;1197,80;1000,54;1271,13;855,43;603,02
2009;Västra Götalands län;19,12;129,09;324,89;589,76;1009,87;1013,81;878,96;857,08;946,60;526,65
2009;Värmlands län;10,98;98,73;308,07;554,91;896,07;706,95;802,25;924,79;289,23;460,98
2009;Örebro län;11,08;46,90;221,32;530,50;848,97;1027,86;904,01;945,78;1004,65;495,69
2009;Västmanlands län;23,20;186,86;286,18;742,14;1011,64;1262,01;1267,71;1228,25;972,38;641,98
2009;Dalarnas län;32,91;96,41;231,57;517,12;884,90;1066,62;1220,40;721,42;887,37;524,92
2009;Gävleborgs län;10,73;119,84;311,88;504,91;772,11;1052,38;960,46;947,08;449,19;494,12
2009;Västernorrlands län;12,82;72,43;327,64;476,95;934,14;1083,35;1037,44;950,57;946,24;541,25
2009;Jämtlands län;72,45;184,67;311,21;778,21;660,50;1120,55;808,81;1070,47;511,70;545,80
2009;Västerbottens län;61,83;131,16;341,78;595,17;953,37;1189,24;1342,93;1084,46;1005,71;607,88
2009;Norrbottens län;23,25;68,21;196,93;409,38;650,30;868,38;754,64;490,84;502,13;380,32
2008;Riket;26,81;98,27;263,31;530,19;776,77;893,09;908,31;935,26;766,16;463,23
2008;Stockholms län;37,29;131,99;294,15;538,19;783,72;1040,05;770,83;869,87;657,77;439,27
2008;Uppsala län;39,57;98,91;254,18;479,57;832,36;745,13;577,90;784,44;554,02;402,12
2008;Södermanlands län;0,00;70,14;262,12;463,26;653,00;738,27;905,19;986,32;631,45;424,35
2008;Östergötlands län;7,41;60,60;147,13;425,74;653,08;798,95;911,45;1105,43;1391,21;440,10
2008;Jönköpings län;37,06;103,27;273,15;657,16;808,89;915,30;953,11;1360,21;936,22;537,29
2008;Kronobergs län;87,58;86,86;357,61;1020,01;1688,30;1640,03;1887,42;1265,02;791,35;853,26
2008;Kalmar län;13,20;153,31;325,58;624,27;563,22;1147,80;868,24;875,34;506,13;498,01
2008;Gotlands län;0,00;0,00;186,78;459,45;586,85;1516,43;438,84;439,88;0,00;369,76
2008;Blekinge län;0,00;105,78;316,67;422,31;875,52;880,81;767,26;758,53;718,95;468,63
2008;Skåne län;38,81;124,01;283,18;565,83;748,82;835,15;919,49;793,71;581,42;458,46
2008;Hallands län;52,41;169,44;250,60;570,59;741,78;961,79;853,02;954,03;460,18;477,68
2008;Västra Götalands län;25,48;75,01;296,29;586,71;822,79;802,55;944,10;1013,34;926,47;482,48
2008;Värmlands län;11,15;108,74;145,15;421,28;574,52;503,61;769,23;822,14;739,23;365,78
2008;Örebro län;22,72;92,84;161,59;524,70;841,77;726,51;702,99;707,04;1172,24;441,45
2008;Västmanlands län;11,87;74,99;313,97;644,19;1051,95;841,35;817,03;860,73;1098,90;525,86
2008;Dalarnas län;11,12;73,68;293,92;411,64;866,51;899,98;1034,98;938,97;657,44;475,10
2008;Gävleborgs län;0,00;86,23;121,72;256,35;484,23;697,21;808,41;942,22;688,34;342,56
2008;Västernorrlands län;0,00;35,77;226,59;477,73;628,30;1025,83;1252,52;917,14;698,69;475,19
2008;Jämtlands län;24,39;45,17;260,08;473,35;569,72;628,81;1327,73;1117,32;582,67;446,72
2008;Västerbottens län;12,46;59,30;241,95;467,58;656,87;946,40;961,89;851,62;1086,70;452,53
2008;Norrbottens län;11,59;44,89;226,07;391,22;910,43;1083,78;993,31;1160,48;523,15;479,60
2007;Riket;18,14;99,66;277,00;529,32;848,54;931,40;950,94;972,16;734,76;476,19
2007;Stockholms län;15,32;97,23;335,87;631,35;932,63;885,40;865,68;833,36;591,48;455,06
2007;Uppsala län;0,00;69,65;331,58;466,53;630,56;763,44;624,25;652,85;325,87;363,13
2007;Södermanlands län;34,81;81,82;169,61;471,91;857,83;853,35;967,78;977,92;783,12;460,19
2007;Östergötlands län;7,47;45,50;209,33;437,79;829,59;944,25;990,80;1191,09;1345,11;488,21
2007;Jönköpings län;28,13;122,38;285,54;579,76;1139,93;1095,31;1000,00;1146,48;540,46;551,27
2007;Kronobergs län;70,86;102,77;365,22;741,04;1222,63;1564,50;1539,22;1596,97;813,89;735,77
2007;Kalmar län;26,78;100,41;365,37;636,15;1032,02;983,70;958,95;869,15;906,05;564,16
2007;Gotlands län;0,00;0,00;323,33;562,46;642,47;1295,34;1097,09;879,12;751,88;489,65
2007;Blekinge län;0,00;146,92;306,81;509,98;848,46;870,32;958,00;1073,62;1477,01;545,19
2007;Skåne län;21,20;121,40;324,99;505,87;726,04;852,96;746,29;799,88;609,19;437,97
2007;Hallands län;31,78;64,07;276,99;583,12;810,26;1165,81;811,94;1301,71;918,11;523,99
2007;Västra Götalands län;17,88;127,99;270,46;550,86;957,53;1015,94;1035,00;1114,61;769,23;516,00
2007;Värmlands län;11,17;85,78;172,23;321,58;603,81;614,07;880,11;881,91;611,50;368,36
2007;Örebro län;11,56;79,85;293,78;672,29;911,26;934,58;952,49;934,58;964,69;526,24
2007;Västmanlands län;24,25;188,23;220,71;627,60;820,22;1163,64;1118,57;1137,93;1041,91;557,80
2007;Dalarnas län;0,00;61,91;199,81;463,27;879,06;899,65;871,10;816,99;887,15;451,98
2007;Gävleborgs län;11,10;31,93;117,70;357,75;612,19;743,87;844,39;1240,18;432,47;379,30
2007;Västernorrlands län;38,60;82,71;276,24;398,62;770,88;971,05;1247,91;972,70;761,31;495,78
2007;Jämtlands län;24,27;110,72;382,65;439,24;827,46;1009,16;1420,96;518,73;509,09;499,63
2007;Västerbottens län;12,39;70,46;135,65;470,92;717,08;785,39;967,35;1052,98;637,25;419,33
2007;Norrbottens län;11,47;110,74;211,16;259,78;543,88;777,60;1175,45;597,81;486,49;372,62
2006;Riket;21,24;91,87;299,12;586,40;832,56;975,96;1018,62;1015,49;874,08;499,58
2006;Stockholms län;34,28;128,17;373,72;709,42;955,59;1106,85;1043,98;956,15;706,83;518,98
2006;Uppsala län;10,02;80,33;329,73;481,60;643,91;861,89;988,31;454,91;847,64;408,58
2006;Södermanlands län;0,00;23,27;317,98;450,73;635,93;1030,04;1382,10;1166,64;948,51;498,41
2006;Östergötlands län;7,46;38,03;154,46;498,08;751,57;944,65;1107,90;1460,89;1292,81;496,22
2006;Jönköpings län;18,78;65,98;286,83;539,42;1041,39;869,49;1106,53;977,12;910,66;516,74
2006;Kronobergs län;17,75;16,87;248,79;387,73;806,36;1097,63;1274,30;1084,24;1065,62;508,14
2006;Kalmar län;26,81;173,77;400,46;663,35;790,95;1362,40;1132,34;1040,68;1176,23;623,69
2006;Gotlands län;50,66;49,37;227,89;490,20;405,41;1336,30;1884,70;286,33;391,01;455,67
2006;Blekinge län;0,00;124,62;204,52;615,50;656,61;737,14;964,75;1234,57;843,88;485,15
2006;Skåne län;10,72;105,66;335,92;617,76;848,78;974,27;916,81;967,13;712,58;501,64
2006;Hallands län;21,31;96,73;331,93;807,51;1000,99;951,32;1080,49;1235,99;722,85;577,82
2006;Västra Götalands län;25,91;94,13;330,04;715,44;922,70;1003,36;996,92;1087,39;1055,58;546,68
2006;Värmlands län;22,11;107,05;217,19;497,09;751,88;1029,16;685,33;822,59;550,75;438,61
2006;Örebro län;0,00;101,98;315,36;426,22;756,17;947,96;1187,43;914,32;784,16;477,98
2006;Västmanlands län;24,48;75,60;245,59;438,05;851,33;826,45;823,05;1088,25;1630,03;482,62
2006;Dalarnas län;43,91;50,95;230,86;417,56;744,28;783,43;934,87;722,21;767,82;417,44
2006;Gävleborgs län;33,21;31,70;216,33;491,98;721,82;1121,02;1043,44;1286,79;606,06;489,79
2006;Västernorrlands län;37,58;82,63;203,55;313,88;650,82;891,86;1122,08;1278,15;982,92;461,33
2006;Jämtlands län;0,00;65,83;269,15;501,58;736,47;787,84;1067,38;1067,42;1103,75;480,57
2006;Västerbottens län;0,00;70,29;233,67;495,20;946,61;794,60;997,08;667,11;816,33;446,58
2006;Norrbottens län;0,00;76,66;134,12;361,52;465,57;593,94;732,52;904,37;442,85;318,16
2005;Riket;22,55;103,33;286,44;618,50;923,36;1054,42;1154,96;1123,48;872,11;533,29
2005;Stockholms län;40,99;143,47;355,72;780,25;1161,36;1193,48;1155,74;1201,59;883,56;579,24
2005;Uppsala län;49,55;60,12;293,59;697,34;739,75;993,58;940,21;929,19;587,57;465,48
2005;Södermanlands län;11,66;34,52;259,38;420,77;616,91;1047,53;954,43;1489,76;721,15;461,71
2005;Östergötlands län;7,44;60,35;123,24;387,52;668,97;970,55;1139,78;1473,81;1288,62;469,98
2005;Jönköpings län;0,00;75,54;235,46;565,26;988,81;911,09;1290,20;954,71;900,15;518,02
2005;Kronobergs län;17,54;16,66;199,46;481,33;496,98;1097,95;810,37;994,20;878,22;426,09
2005;Kalmar län;39,64;246,49;401,02;704,36;1001,78;1443,12;1740,56;1267,00;970,05;722,32
2005;Gotlands län;48,85;0,00;271,19;623,38;424,63;1265,25;657,17;714,29;805,64;419,71
2005;Blekinge län;0,00;40,82;270,54;552,96;766,09;1049,79;1156,50;1111,67;1049,87;529,93
2005;Skåne län;26,90;143,27;354,57;642,96;960,10;1158,63;1096,11;943,54;797,80;557,78
2005;Hallands län;21,30;129,12;315,82;611,31;1131,27;1232,81;1392,11;1128,51;646,20;598,97
2005;Västra Götalands län;15,94;102,55;304,03;722,45;952,24;1125,76;1136,00;1059,45;844,90;553,79
2005;Värmlands län;10,92;63,89;183,23;463,70;878,61;900,67;1443,40;1283,08;1119,64;531,72
2005;Örebro län;11,62;100,55;277,74;611,95;998,44;909,09;1398,11;1311,29;731,41;559,83
2005;Västmanlands län;0,00;62,61;228,05;482,58;948,32;959,39;1271,98;1340,93;874,94;519,68
2005;Dalarnas län;10,77;141,06;188,99;712,50;947,59;1014,61;1108,03;1227,31;803,21;546,99
2005;Gävleborgs län;0,00;31,30;81,91;365,57;529,74;406,71;817,71;892,37;592,97;309,87
2005;Västernorrlands län;12,18;82,16;311,22;478,84;874,30;892,53;1163,57;1253,92;1275,45;536,50
2005;Jämtlands län;46,56;43,80;220,88;490,94;776,07;947,33;957,15;1257,86;1149,87;495,18
2005;Västerbottens län;11,90;46,65;339,09;464,01;1078,17;1018,68;1016,83;910,93;909,58;507,73
2005;Norrbottens län;22,53;75,57;212,87;344,79;651,61;760,59;1257,86;878,97;738,85;414,97
2004;Riket;16,50;99,16;296,38;635,31;959,00;1143,42;1158,67;1062,16;852,27;539,42
2004;Stockholms län;15,96;117,05;382,57;779,20;1142,11;1226,15;1168,85;1090,18;849,85;564,63
2004;Uppsala län;9,86;108,12;340,83;799,31;1272,52;1162,43;1122,09;794,91;798,50;562,86
2004;Södermanlands län;11,65;55,97;303,68;461,84;808,50;839,60;992,44;988,88;918,60;459,44
2004;Östergötlands län;0,00;22,10;155,25;379,04;756,62;793,86;963,01;810,84;1072,14;397,38
2004;Jönköpings län;27,92;159,76;274,51;517,02;964,40;1003,16;1149,43;832,95;1256,98;534,21
2004;Kronobergs län;0,00;98,23;91,39;435,44;707,32;891,57;1089,57;919,54;969,70;434,58
2004;Kalmar län;12,99;133,98;230,72;720,91;1143,14;1377,66;1426,90;1100,08;518,69;625,39
2004;Gotlands län;0,00;47,25;318,47;934,32;1058,20;1379,94;2445,51;868,31;1005,03;691,31
2004;Blekinge län;0,00;60,05;263,46;727,86;909,09;941,39;823,82;1457,29;557,10;534,11
2004;Skåne län;27,00;119,75;350,12;685,64;1048,95;1125,10;1124,67;1105,92;725,05;571,05
2004;Hallands län;10,64;53,47;321,72;770,74;1096,86;1536,13;1035,01;1014,66;811,62;600,48
2004;Västra Götalands län;27,97;119,36;370,94;692,51;938,63;1139,97;1241,84;1063,62;763,76;567,30
2004;Värmlands län;10,92;41,84;190,74;337,13;895,26;1174,00;813,17;950,50;702,06;450,37
2004;Örebro län;0,00;76,17;136,10;675,79;840,27;1321,98;1164,12;1173,18;1166,91;545,55
2004;Västmanlands län;12,23;122,63;224,39;543,76;984,47;1119,09;1523,10;1216,63;947,12;567,06
2004;Dalarnas län;0,00;98,69;212,65;662,06;889,49;1268,83;1231,20;1182,52;714,29;549,90
2004;Gävleborgs län;0,00;30,58;124,67;248,48;481,79;656,90;677,56;997,44;839,04;319,53
2004;Västernorrlands län;23,97;57,20;316,63;483,25;960,48;1461,61;1698,84;1328,10;1556,62;653,29
2004;Jämtlands län;22,68;65,25;258,14;729,93;884,38;1019,44;1095,43;1189,19;546,45;530,42
2004;Västerbottens län;23,57;115,18;206,45;604,82;854,99;1646,42;1157,74;1326,76;1065,92;586,73
2004;Norrbottens län;11,13;95,60;211,89;412,58;612,18;906,02;1150,07;865,05;641,03;420,80
2003;Riket;14,82;83,68;252,00;533,51;855,25;1020,03;1187,61;1152,50;863,77;497,39
2003;Stockholms län;16,15;98,57;282,20;624,03;1011,28;1150,96;1331,20;1249,96;878,83;517,26
2003;Uppsala län;9,81;95,53;403,33;738,60;925,12;1275,33;1037,93;805,02;523,06;516,40
2003;Södermanlands län;0,00;64,84;175,94;380,73;648,92;829,71;1061,13;1324,92;727,84;419,84
2003;Östergötlands län;0,00;28,81;121,11;448,67;612,04;881,94;1048,53;1018,78;940,59;406,67
2003;Jönköpings län;18,57;27,79;180,47;376,63;612,78;788,99;1074,88;1073,76;678,45;405,32
2003;Kronobergs län;0,00;48,05;91,90;402,05;853,95;1074,05;667,51;682,01;622,08;388,20
2003;Kalmar län;25,53;71,81;253,85;673,31;757,90;1062,05;1402,36;1012,74;925,11;548,28
2003;Gotlands län;0,00;92,55;183,40;470,45;630,67;1194,85;845,67;721,50;1250,00;430,35
2003;Blekinge län;0,00;97,96;120,79;257,79;878,78;886,04;1196,49;819,67;1126,76;447,55
2003;Skåne län;27,04;148,77;265,57;637,68;941,96;1125,22;1164,19;1159,31;836,19;548,98
2003;Hallands län;10,72;84,21;422,07;518,99;756,84;1059,30;1118,54;813,48;1114,58;511,46
2003;Västra Götalands län;22,05;111,11;301,07;549,51;925,85;939,59;1270,35;1325,11;864,64;533,05
2003;Värmlands län;0,00;30,74;374,84;560,87;837,90;893,37;1064,25;856,88;402,59;476,46
2003;Örebro län;22,92;53,03;249,70;523,85;907,11;1255,64;1351,35;1203,98;962,95;549,34
2003;Västmanlands län;12,30;95,08;224,89;538,79;988,50;1131,01;1200,60;1208,56;1180,26;541,96
2003;Dalarnas län;0,00;47,94;188,05;498,09;840,27;962,63;1315,13;1259,64;975,41;500,79
2003;Gävleborgs län;0,00;29,75;97,93;144,83;465,26;731,57;989,90;1198,75;760,63;338,80
2003;Västernorrlands län;23,68;0,00;265,22;509,79;937,37;1191,46;1310,76;1533,51;1321,14;578,84
2003;Jämtlands län;0,00;127,77;299,52;652,26;906,50;1150,71;1312,01;1171,46;1104,54;587,15
2003;Västerbottens län;23,42;45,12;187,69;412,68;866,63;909,46;1073,99;1312,38;692,04;456,56
2003;Norrbottens län;0,00;20,93;111,94;369,39;507,93;814,02;997,39;757,58;714,50;345,05
2002;Riket;9,76;65,36;205,75;462,83;707,73;897,38;1050,74;1140,33;902,95;438,37
2002;Stockholms län;9,81;98,13;273,12;528,89;806,70;1021,57;1093,34;1294,34;917,97;457,98
2002;Uppsala län;9,82;64,64;243,37;729,20;929,98;981,09;1063,57;1086,42;959,69;481,48
2002;Södermanlands län;11,61;52,55;159,90;388,92;651,97;613,31;795,82;965,72;896,39;361,53
2002;Östergötlands län;0,00;7,05;102,29;325,69;433,76;649,22;1083,46;1276,60;1150,53;369,53
2002;Jönköpings län;18,64;36,23;148,76;409,61;563,17;829,15;1108,93;1182,31;719,42;415,68
2002;Kronobergs län;0,00;93,42;156,91;295,05;435,01;470,91;848,52;876,04;1013,30;334,74
2002;Kalmar län;12,53;104,96;305,03;413,13;618,43;1262,63;1132,56;1023,41;758,93;500,14
2002;Gotlands län;0,00;0,00;280,31;318,67;723,18;456,41;1170,84;1724,14;430,57;404,35
2002;Blekinge län;20,97;38,06;189,79;338,91;602,80;707,91;707,50;1271,52;1572,33;416,24
2002;Skåne län;21,61;112,81;261,17;515,42;875,47;1095,27;1127,93;1101,07;750,58;503,57
2002;Hallands län;0,00;72,33;100,40;508,91;867,32;639,94;762,28;989,36;921,45;396,70
2002;Västra Götalands län;8,03;54,44;202,86;530,70;733,82;829,86;1104,24;1153,85;944,20;450,82
2002;Värmlands län;32,20;60,13;127,83;455,46;695,73;1076,23;1095,14;978,93;952,38;462,61
2002;Örebro län;0,00;51,69;204,21;385,23;614,77;733,59;1162,54;1087,56;1148,20;428,31
2002;Västmanlands län;0,00;45,73;176,10;321,23;855,18;879,86;1100,00;949,87;1297,65;435,49
2002;Dalarnas län;0,00;9,32;139,15;384,76;458,61;761,44;1214,02;1152,07;957,34;398,09
2002;Gävleborgs län;10,55;9,60;64,10;365,84;365,32;558,98;760,23;941,18;636,07;293,59
2002;Västernorrlands län;0,00;21,74;196,66;349,38;540,50;1399,87;1122,02;1347,75;1173,77;489,78
2002;Jämtlands län;0,00;83,39;203,52;350,42;608,42;808,23;800,96;1302,76;820,01;417,24
2002;Västerbottens län;0,00;44,15;296,18;474,84;912,20;993,81;873,88;1087,72;410,56;452,09
2002;Norrbottens län;10,83;41,06;93,87;344,83;600,92;832,45;1066,85;1004,84;428,53;363,46
2001;Riket;10,47;59,52;196,07;425,57;711,19;891,87;1041,67;1134,30;947,80;430,73
2001;Stockholms län;14,97;54,88;225,11;498,93;738,59;991,65;1150,47;1126,28;1284,88;435,12
2001;Uppsala län;9,87;44,64;228,23;409,34;708,10;940,21;1000,61;996,22;1158,86;406,74
2001;Södermanlands län;11,60;61,46;240,21;377,89;648,50;827,26;789,98;923,33;798,30;387,47
2001;Östergötlands län;0,00;20,52;99,10;290,44;565,18;713,04;1124,24;1273,35;914,14;379,81
2001;Jönköpings län;0,00;26,40;182,73;375,49;728,95;789,14;1033,73;988,43;472,64;397,47
2001;Kronobergs län;16,86;15,19;114,80;326,23;541,17;524,21;957,68;1269,55;1137,44;373,60
2001;Kalmar län;24,72;135,67;247,61;399,54;622,06;935,13;701,60;918,88;446,33;407,63
2001;Gotlands län;0,00;45,31;146,63;335,57;732,60;642,79;1259,18;749,63;853,79;377,39
2001;Blekinge län;20,71;36,98;266,08;490,71;845,78;710,75;1037,81;1042,24;1113,76;470,37
2001;Skåne län;10,82;120,60;259,53;458,88;801,92;1016,04;1127,65;1141,76;930,92;488,53
2001;Hallands län;0,00;70,76;167,84;514,85;913,71;1143,39;1194,79;1123,95;941,18;502,61
2001;Västra Götalands län;16,18;68,34;225,13;500,31;806,98;991,74;1021,87;1304,40;1060,55;482,71
2001;Värmlands län;10,66;77,95;144,54;330,81;790,76;839,93;807,54;1206,68;826,26;420,51
2001;Örebro län;0,00;40,00;100,73;336,39;547,95;749,57;1228,02;1067,12;648,65;381,68
2001;Västmanlands län;12,51;54,98;205,78;464,24;912,20;944,49;914,14;1486,58;1204,82;484,54
2001;Dalarnas län;10,15;45,28;136,36;363,86;807,92;880,14;928,56;1112,26;1021,71;426,14
2001;Gävleborgs län;0,00;18,47;86,15;328,64;424,27;570,54;790,44;652,39;509,38;280,38
2001;Västernorrlands län;11,71;31,47;151,22;384,75;612,18;851,99;1298,84;1210,14;505,82;427,14
2001;Jämtlands län;0,00;20,32;212,31;396,28;336,64;942,03;1092,04;1362,33;746,58;425,69
2001;Västerbottens län;0,00;10,83;131,36;436,85;708,40;992,81;1010,22;1212,55;907,99;425,06
2001;Norrbottens län;0,00;30,04;97,83;140,13;309,98;393,77;936,39;725,61;937,79;246,97
2000;Riket;12,13;52,26;171,51;390,57;673,15;907,89;1124,53;1190,53;962,91;429,06
2000;Stockholms län;20,19;51,68;182,86;385,70;666,87;1055,37;1243,44;1485,50;1093,36;429,45
2000;Uppsala län;9,81;43,55;215,10;400,50;601,56;773,69;927,91;1206,80;794,04;369,59
2000;Södermanlands län;0,00;70,13;99,11;320,70;760,39;839,35;1041,44;1333,33;373,43;395,44
2000;Östergötlands län;14,93;40,07;97,35;249,69;486,38;834,91;1113,30;1235,25;962,34;382,97
2000;Jönköpings län;0,00;68,36;97,38;347,02;485,69;767,72;900,98;854,70;916,76;361,05
2000;Kronobergs län;16,54;14,99;69,32;311,80;361,01;657,17;886,99;1126,50;937,79;335,93
2000;Kalmar län;36,78;44,12;199,96;452,38;721,96;870,41;1235,79;1020,24;765,25;462,25
2000;Gotlands län;0,00;135,20;104,28;210,90;407,00;814,48;930,71;1410,66;875,27;365,75
2000;Blekinge län;0,00;53,89;74,70;189,80;564,36;833,33;982,00;868,81;1125,40;363,27
2000;Skåne län;21,55;78,91;222,13;514,66;836,25;1033,53;1143,59;1053,61;962,14;486,34
2000;Hallands län;10,96;49,54;144,98;432,12;680,27;1308,78;1124,18;1152,83;960,61;475,67
2000;Västra Götalands län;14,20;50,15;242,72;442,63;836,60;933,46;1328,17;1249,41;997,09;493,08
2000;Värmlands län;10,53;28,51;176,61;348,19;703,31;629,08;966,63;1049,32;1102,69;402,40
2000;Örebro län;0,00;48,61;84,58;308,89;365,00;705,23;1077,20;1308,33;1503,76;392,53
2000;Västmanlands län;0,00;85,51;191,56;466,48;903,93;777,47;1061,14;1478,39;1425,31;485,34
2000;Dalarnas län;0,00;88,22;124,73;362,50;521,41;717,76;1142,24;896,01;737,21;381,93
2000;Gävleborgs län;0,00;17,85;71,00;188,88;390,60;808,15;792,45;1043,06;466,20;300,86
2000;Västernorrlands län;0,00;20,24;172,60;260,36;609,00;701,25;939,16;1021,28;807,88;365,48
2000;Jämtlands län;0,00;19,75;136,64;277,99;676,82;1232,61;1351,10;1525,47;907,97;507,13
2000;Västerbottens län;0,00;42,53;217,03;614,42;766,35;1060,74;1045,30;1254,38;936,33;485,16
2000;Norrbottens län;0,00;19,65;79,86;351,94;482,72;757,51;853,22;715,14;941,32;316,48
1999;Riket;6,64;47,51;152,24;378,32;648,98;882,19;1125,22;1164,66;1007,16;418,35
1999;Stockholms län;10,07;47,33;153,63;297,41;652,04;833,91;1221,11;1269,07;896,42;374,83
1999;Uppsala län;28,88;43,03;143,94;389,59;772,27;1021,14;1313,01;1163,23;1041,94;431,77
1999;Södermanlands län;0,00;29,46;93,90;352,57;754,98;846,97;1118,05;707,90;754,92;378,61
1999;Östergötlands län;7,28;26,36;95,61;278,42;362,74;885,18;1097,83;1208,80;743,62;364,70
1999;Jönköpings län;9,32;33,53;114,05;383,55;452,29;969,01;1002,76;934,94;994,66;398,34
1999;Kronobergs län;0,00;44,59;128,22;296,67;694,71;888,77;794,86;1494,34;1636,25;445,07
1999;Kalmar län;24,23;76,11;264,27;494,22;472,34;804,29;1231,50;1019,71;1146,00;463,58
1999;Gotlands län;0,00;0,00;110,50;149,53;330,17;1055,41;1438,11;1247,08;446,93;369,28
1999;Blekinge län;0,00;52,40;119,15;312,99;354,08;582,91;684,56;1329,31;957,70;328,25
1999;Skåne län;5,30;46,27;184,18;420,55;723,54;1026,02;1194,44;1046,11;1018,65;453,78
1999;Hallands län;21,70;68,39;142,90;376,70;574,11;746,41;1010,00;1326,08;589,54;395,17
1999;Västra Götalands län;4,00;55,15;205,72;528,17;819,77;841,18;1099,38;1218,36;1244,64;474,22
1999;Värmlands län;0,00;46,90;117,36;382,63;717,49;930,23;1035,33;1064,33;1204,26;443,66
1999;Örebro län;0,00;47,49;112,51;341,48;609,97;799,48;893,72;1013,87;1125,11;385,34
1999;Västmanlands län;0,00;52,56;212,57;394,42;573,72;1196,22;1508,08;1504,92;828,65;494,69
1999;Dalarnas län;0,00;34,70;89,08;244,18;473,07;850,43;921,66;1160,32;1004,59;367,39
1999;Gävleborgs län;0,00;17,43;65,51;164,32;356,19;641,80;854,22;1103,28;793,84;296,78
1999;Västernorrlands län;11,26;49,76;85,48;251,55;572,50;546,79;1263,37;1335,62;924,26;387,82
1999;Jämtlands län;0,00;58,57;146,82;592,73;772,20;783,78;1394,50;946,81;1251,56;501,58
1999;Västerbottens län;0,00;73,72;176,09;637,91;999,11;1482,80;1227,42;1292,78;1153,11;578,57
1999;Norrbottens län;0,00;58,59;107,67;255,55;574,62;814,63;1152,13;1017,29;502,51;354,60
1998;Riket;4,87;38,98;125,21;313,24;596,83;800,91;1020,62;1115,51;975,79;379,89
1998;Stockholms län;3,33;33,08;115,81;251,08;582,07;826,13;1052,36;1123,07;899,87;333,67
1998;Uppsala län;0,00;51,94;203,74;427,74;817,46;780,69;1185,96;1557,57;1329,43;445,08
1998;Södermanlands län;21,59;58,48;175,26;288,16;613,82;714,89;887,21;1125,91;993,93;373,90
1998;Östergötlands län;14,16;39,37;84,92;191,36;487,72;757,58;1119,19;1036,51;1207,31;366,77
1998;Jönköpings län;0,00;33,52;120,33;244,38;446,78;790,87;787,86;1041,40;869,89;346,71
1998;Kronobergs län;0,00;44,78;57,90;234,25;631,23;982,74;1138,64;1393,90;908,21;425,85
1998;Kalmar län;0,00;43,49;124,43;412,85;694,01;803,52;945,02;1012,66;1035,54;417,68
1998;Gotlands län;0,00;0,00;117,61;462,43;579,47;1468,68;1021,97;1398,60;1590,91;491,03
1998;Blekinge län;0,00;34,16;21,05;220,97;435,91;764,76;951,86;878,48;1238,65;336,00
1998;Skåne län;7,81;41,26;134,47;398,90;652,25;806,27;921,39;1003,34;838,19;383,06
1998;Hallands län;0,00;39,30;50,71;172,39;416,63;666,73;941,03;1130,72;813,01;316,24
1998;Västra Götalands län;5,88;59,07;153,12;444,30;768,43;921,88;1080,56;1257,33;1032,17;454,15
1998;Värmlands län;0,00;9,44;123,84;244,52;307,11;490,51;727,27;849,59;1088,24;285,64
1998;Örebro län;0,00;18,74;108,13;229,28;419,62;770,68;933,67;751,43;719,91;319,64
1998;Västmanlands län;11,73;0,00;155,07;448,43;623,58;980,29;1209,63;1162,34;544,63;415,69
1998;Dalarnas län;9,44;34,97;70,95;236,62;498,29;534,37;1010,91;1084,94;1151,72;347,77
1998;Gävleborgs län;0,00;8,69;58,15;209,64;453,12;443,46;873,36;1076,10;889,72;294,38
1998;Västernorrlands län;0,00;39,67;90,14;195,50;451,94;797,71;1069,63;1226,16;1146,73;375,72
1998;Jämtlands län;20,90;39,01;131,75;317,61;621,42;760,58;1046,36;1224,94;1113,01;432,47
1998;Västerbottens län;0,00;64,05;298,23;420,34;856,38;1010,98;1597,93;1226,99;919,54;525,54
1998;Norrbottens län;0,00;39,40;112,97;185,22;494,51;852,38;1040,41;978,39;1091,14;342,94
1997;Riket;5,07;31,07;98,07;261,55;485,26;718,65;962,66;1086,79;928,94;341,82
1997;Stockholms län;1,63;31,84;90,16;216,22;401,49;595,60;1011,12;1085,79;799,00;280,75
1997;Uppsala län;18,02;35,47;142,39;361,94;755,55;795,03;967,00;1339,53;1340,84;398,74
1997;Södermanlands län;0,00;19,82;105,45;180,30;403,01;538,28;832,49;965,47;963,17;286,92
1997;Östergötlands län;0,00;33,18;44,74;207,75;280,26;586,30;978,10;1167,13;912,60;304,95
1997;Jönköpings län;8,90;17,05;46,05;193,33;340,40;684,23;1075,72;783,80;592,65;308,64
1997;Kronobergs län;0,00;0,00;80,87;190,43;496,03;942,04;626,96;1463,99;1210,90;371,61
1997;Kalmar län;11,56;22,13;101,46;320,32;788,51;943,57;1294,08;1258,69;915,44;470,18
1997;Gotlands län;0,00;0,00;0,00;154,98;163,40;256,52;512,03;633,41;934,58;171,50
1997;Blekinge län;0,00;50,96;88,26;297,69;489,93;459,21;635,40;898,62;851,06;293,78
1997;Skåne län;10,23;34,29;112,97;325,51;595,70;771,84;1074,89;953,56;824,88;371,63
1997;Hallands län;10,34;10,07;80,17;242,90;587,07;657,29;1003,95;1341,82;1002,11;366,61
1997;Västra Götalands län;1,92;35,70;110,98;358,85;463,77;800,38;989,06;1157,31;1206,79;383,19
1997;Värmlands län;0,00;0,00;116,57;216,43;286,62;562,59;880,49;728,08;1115,15;293,66
1997;Örebro län;0,00;37,99;63,83;134,73;429,63;879,16;914,31;969,11;914,08;340,57
1997;Västmanlands län;0,00;32,04;119,55;223,48;691,20;844,58;1023,39;1293,86;689,87;377,61
1997;Dalarnas län;18,27;36,14;74,76;194,26;444,51;930,09;778,55;948,96;770,10;339,67
1997;Gävleborgs län;9,35;17,84;96,69;141,33;390,15;498,79;746,13;969,81;478,13;262,92
1997;Västernorrlands län;0,00;40,18;160,25;257,36;508,54;694,86;775,28;780,72;627,29;321,93
1997;Jämtlands län;0,00;19,73;113,03;159,21;640,31;674,37;742,97;1733,30;1066,19;401,99
1997;Västerbottens län;10,76;55,05;206,23;441,18;697,24;917,08;1286,33;1468,03;1006,37;478,25
1997;Norrbottens län;9,94;60,53;13,06;199,44;492,27;761,97;815,92;1115,24;1135,60;316,69
1996;Riket;7,69;25,93;96,98;237,64;475,51;750,30;908,56;1112,58;894,15;337,34
1996;Stockholms län;4,75;14,12;54,59;188,13;436,78;771,60;905,58;979,36;788,93;276,70
1996;Uppsala län;8,71;55,99;164,98;368,74;813,01;1102,98;1181,97;988,78;1577,37;447,36
1996;Södermanlands län;10,17;20,56;109,60;166,88;590,28;916,00;986,92;1338,79;754,72;372,81
1996;Östergötlands län;13,38;34,39;120,66;155,50;444,29;504,01;996,89;1237,88;940,84;327,79
1996;Jönköpings län;8,63;17,75;35,91;82,78;393,12;923,23;964,14;1143,92;942,82;352,23
1996;Kronobergs län;0,00;31,89;41,74;263,06;469,37;561,30;933,83;1604,15;889,80;360,90
1996;Kalmar län;11,14;46,05;225,97;270,06;472,32;929,38;916,23;1021,59;1280,79;417,03
1996;Gotlands län;0,00;0,00;66,45;156,25;400,00;917,81;1150,63;1109,35;238,95;329,35
1996;Blekinge län;0,00;17,42;45,38;199,28;245,30;422,83;797,72;1007,27;1449,89;279,41
1996;Skåne län;7,49;25,22;107,75;305,96;576,94;875,65;950,54;1264,36;1002,44;387,73
1996;Hallands län;0,00;31,52;82,91;283,52;634,59;570,41;991,30;1215,28;1086,66;365,48
1996;Västra Götalands län;7,46;35,12;149,39;324,18;551,54;755,62;927,66;1243,61;730,59;374,17
1996;Värmlands län;9,57;0,00;79,62;143,65;353,88;655,04;636,94;782,35;599,25;264,26
1996;Örebro län;9,82;9,83;94,22;253,68;407,75;664,89;879,08;843,88;998,57;324,18
1996;Västmanlands län;21,53;44,19;54,71;298,64;443,42;804,67;597,01;1063,62;726,55;307,23
1996;Dalarnas län;8,83;9,49;26,04;133,98;471,73;546,24;822,09;1139,02;739,54;298,65
1996;Gävleborgs län;8,95;27,93;100,17;225,10;300,84;535,33;777,62;811,74;694,44;270,41
1996;Västernorrlands län;0,00;31,40;67,88;198,35;236,50;720,37;969,72;1243,49;850,39;322,48
1996;Jämtlands län;0,00;61,34;146,89;157,23;283,46;557,97;1180,47;778,86;1293,30;353,55
1996;Västerbottens län;31,69;46,09;119,98;329,44;517,03;920,62;840,03;944,70;757,84;366,19
1996;Norrbottens län;0,00;10,50;79,48;143,03;371,75;707,35;732,97;1039,28;970,54;273,44
1995;Riket;5,70;31,43;92,77;248,36;451,55;714,77;907,02;1070,74;925,46;332,13
1995;Stockholms län;3,07;28,21;83,12;232,71;447,62;768,74;865,88;891,50;895,09;285,85
1995;Uppsala län;0,00;20,03;86,39;370,86;658,62;1372,95;1104,55;1532,86;1066,22;445,48
1995;Södermanlands län;9,91;21,56;14,19;150,89;565,94;639,49;1061,14;928,33;1085,32;322,93
1995;Östergötlands län;6,52;7,27;86,14;178,50;434,01;622,56;632,77;1241,80;864,66;299,20
1995;Jönköpings län;33,56;9,41;73,60;190,35;598,18;698,82;909,81;1175,06;932,99;368,28
1995;Kronobergs län;0,00;16,81;0,00;191,66;535,80;901,92;825,76;1090,82;1174,03;363,97
1995;Kalmar län;10,83;36,62;168,34;323,90;449,83;896,62;1162,66;1342,72;1155,78;446,79
1995;Gotlands län;0,00;51,20;0,00;155,46;234,01;413,91;1170,21;938,97;487,80;262,71
1995;Blekinge län;0,00;55,03;68,82;226,02;271,92;589,01;784,01;888,40;1149,43;293,92
1995;Skåne län;4,89;29,19;114,73;255,01;484,93;756,67;1074,77;1103,55;1094,63;366,13
1995;Hallands län;9,87;22,22;42,79;219,39;442,21;554,59;670,44;660,30;682,40;260,07
1995;Västra Götalands län;3,64;61,94;137,04;388,10;444,37;697,95;955,88;1184,05;892,11;371,40
1995;Värmlands län;9,32;0,00;40,07;126,92;508,15;567,44;809,40;1011,18;968,65;307,45
1995;Örebro län;0,00;30,94;98,47;151,73;418,10;621,91;701,75;1247,53;585,79;306,49
1995;Västmanlands län;10,40;34,57;127,27;283,51;640,50;975,23;878,78;836,99;832,47;366,26
1995;Dalarnas län;17,18;40,51;13,43;103,35;330,58;564,32;791,82;829,26;998,81;277,34
1995;Gävleborgs län;0,00;9,85;102,75;181,60;480,33;460,01;753,97;797,91;714,47;271,82
1995;Västernorrlands län;0,00;33,39;96,37;197,55;232,47;606,40;948,81;1316,68;871,93;316,35
1995;Jämtlands län;0,00;65,51;59,14;125,37;244,72;562,71;669,89;1273,89;952,83;304,93
1995;Västerbottens län;10,37;24,61;121,54;379,91;421,94;864,53;984,62;1161,16;570,82;367,70
1995;Norrbottens län;0,00;11,02;93,10;185,75;313,92;579,71;1069,66;907,03;1002,87;279,91
1994;Riket;3,54;21,01;90,34;202,66;455,01;737,51;979,87;1135,26;983,12;339,87
1994;Stockholms län;2,99;24,91;86,95;219,25;437,65;713,81;1055,58;1033,27;896,17;297,80
1994;Uppsala län;8,43;53,99;241,18;371,98;749,27;1026,73;1057,78;973,71;1550,39;437,88
1994;Södermanlands län;0,00;11,47;119,02;165,55;389,27;699,30;829,88;1321,10;1319,51;332,78
1994;Östergötlands län;6,44;38,68;69,29;266,33;503,78;753,63;1005,34;1309,37;985,80;375,03
1994;Jönköpings län;0,00;20,02;62,96;148,56;409,72;549,60;959,45;924,34;709,38;302,44
1994;Kronobergs län;0,00;0,00;43,75;143,94;357,57;673,90;1130,32;1743,64;1064,21;378,25
1994;Kalmar län;0,00;38,94;93,72;257,33;596,20;1445,29;1571,40;1869,47;1175,27;579,83
1994;Gotlands län;0,00;0,00;146,36;0,00;382,85;249,48;739,57;1547,99;763,36;266,74
1994;Blekinge län;0,00;0,00;93,27;152,26;297,34;378,02;798,08;1050,01;464,90;246,22
1994;Skåne län;2,41;31,07;93,26;250,72;527,15;811,48;1107,52;1140,92;815,22;371,29
1994;Hallands län;19,47;23,66;89,59;219,04;354,28;650,07;836,62;1149,83;1090,91;324,10
1994;Västra Götalands län;1,80;19,72;91,40;192,40;416,56;804,22;924,77;1149,99;1057,91;347,07
1994;Värmlands län;0,00;11,40;54,08;123,97;419,70;676,72;902,10;1008,40;946,87;319,03
1994;Örebro län;0,00;0,00;44,40;149,25;487,84;809,78;921,94;1013,67;1216,42;354,46
1994;Västmanlands län;0,00;0,00;148,50;158,34;508,77;691,38;894,03;1089,81;1174,74;327,12
1994;Dalarnas län;0,00;0,00;55,31;176,30;381,48;576,90;619,78;832,22;700,88;264,85
1994;Gävleborgs län;8,50;10,61;52,36;82,84;474,76;537,83;716,11;1064,80;845,44;280,81
1994;Västernorrlands län;9,71;11,80;14,06;105,57;363,75;539,38;709,69;987,07;785,41;261,67
1994;Jämtlands län;0,00;0,00;89,29;248,06;324,39;548,18;946,25;1342,66;782,01;345,05
1994;Västerbottens län;20,52;39,26;199,86;313,48;623,70;1004,38;1486,33;1212,12;1210,29;475,83
1994;Norrbottens län;0,00;11,57;80,31;199,26;408,36;459,14;856,30;874,82;1418,97;272,08
1993;Riket;5,00;20,46;71,24;227,28;444,86;759,62;1002,42;1122,37;973,49;345,40
1993;Stockholms län;2,94;21,07;65,08;248,14;451,41;719,82;991,55;1117,98;776,12;297,79
1993;Uppsala län;8,47;11,70;110,59;298,30;570,59;703,26;761,65;683,55;806,45;299,01
1993;Södermanlands län;0,00;49,12;62,00;198,35;412,81;913,80;856,32;1076,27;1169,97;349,34
1993;Östergötlands län;0,00;33,06;51,09;207,65;310,63;679,55;1070,02;1121,45;1077,50;333,37
1993;Jönköpings län;0,00;10,61;77,64;321,61;488,55;993,36;1378,93;1511,94;1606,61;490,53
1993;Kronobergs län;0,00;18,75;112,60;94,65;399,01;656,07;1013,57;1033,59;1381,32;351,05
1993;Kalmar län;0,00;27,35;48,54;387,66;541,00;937,61;1235,96;1659,75;847,23;473,30
1993;Gotlands län;0,00;0,00;75,59;77,97;226,76;745,03;1061,57;614,91;796,81;279,88
1993;Blekinge län;0,00;0,00;47,42;127,80;269,61;586,08;538,46;858,12;1055,66;245,16
1993;Skåne län;16,81;27,02;77,67;185,90;515,61;873,40;1014,51;1146,93;935,82;369,04
1993;Hallands län;0,00;0,00;62,05;320,76;318,18;794,34;1084,60;894,61;883,28;338,48
1993;Västra Götalands län;7,24;18,56;97,40;231,52;535,30;739,00;1093,45;1199,03;886,13;373,83
1993;Värmlands län;9,23;0,00;41,14;202,07;274,63;606,87;612,93;888,75;981,46;273,06
1993;Örebro län;0,00;23,41;0,00;210,44;377,15;840,27;984,72;794,01;583,24;324,95
1993;Västmanlands län;0,00;24,84;78,27;241,80;506,05;766,58;1281,38;1144,73;845,83;365,74
1993;Dalarnas län;0,00;23,04;56,91;159,83;369,66;502,79;909,26;861,05;1213,08;303,57
1993;Gävleborgs län;0,00;11,28;53,69;189,60;372,13;652,50;911,21;1095,72;820,34;313,40
1993;Västernorrlands län;0,00;12,47;85,72;282,05;209,57;654,17;814,35;1258,50;1331,40;328,03
1993;Jämtlands län;0,00;51,16;0,00;212,12;342,08;568,50;864,99;978,42;892,86;319,27
1993;Västerbottens län;0,00;27,58;109,08;280,41;558,00;1127,85;1185,37;1488,22;1825,40;467,70
1993;Norrbottens län;19,22;12,15;67,29;141,84;515,71;719,29;745,67;1161,54;629,92;291,48
1992;Riket;2,39;18,02;81,43;198,23;386,93;670,04;959,22;1119,24;996,68;325,35
1992;Stockholms län;1,48;12,33;91,22;208,06;372,13;707,59;983,62;1022,93;886,43;284,79
1992;Uppsala län;0,00;12,64;115,46;156,78;602,35;610,48;1132,17;1180,54;1401,72;352,86
1992;Södermanlands län;0,00;0,00;63,21;164,47;358,19;709,85;914,82;1268,26;1143,24;324,58
1992;Östergötlands län;0,00;8,73;52,42;161,15;334,59;697,49;1037,79;1190,48;1033,81;331,90
1992;Jönköpings län;0,00;22,40;65,70;211,26;345,75;808,46;900,82;918,17;717,36;333,96
1992;Kronobergs län;0,00;59,03;91,65;162,90;324,45;513,48;866,36;1284,49;1504,32;346,72
1992;Kalmar län;0,00;86,07;99,26;115,87;497,06;887,67;1206,01;2078,79;1330,38;489,63
1992;Gotlands län;0,00;0,00;75,87;307,34;301,66;823,38;1506,19;1100,63;265,96;376,16
1992;Blekinge län;0,00;0,00;95,58;102,17;161,05;474,43;633,27;824,74;1371,20;240,49
1992;Skåne län;2,42;22,17;53,04;222,40;428,79;780,88;968,92;1119,42;880,21;341,81
1992;Hallands län;0,00;13,29;112,04;305,27;577,56;789,20;989,14;1265,59;781,00;387,84
1992;Västra Götalands län;3,68;17,13;87,63;237,14;401,00;676,93;984,64;1038,86;938,41;336,44
1992;Värmlands län;0,00;12,57;82,62;118,48;282,20;443,17;710,01;926,35;880,81;257,61
1992;Örebro län;0,00;0,00;64,43;221,94;394,72;696,38;961,34;1206,68;711,16;346,40
1992;Västmanlands län;0,00;25,63;64,74;153,56;391,77;518,43;993,72;1133,74;1407,35;307,40
1992;Dalarnas län;0,00;12,14;57,65;171,78;384,46;514,42;933,60;1205,88;1159,58;330,70
1992;Gävleborgs län;17,51;11,74;67,88;146,67;338,32;506,88;743,57;739,60;788,73;260,59
1992;Västernorrlands län;9,77;12,99;86,37;116,55;293,56;551,41;828,43;847,03;1253,73;285,48
1992;Jämtlands län;0,00;27,58;182,62;238,10;360,46;585,61;971,78;1606,66;1382,03;414,32
1992;Västerbottens län;10,73;0,00;126,11;296,42;478,67;785,27;1183,73;1610,85;808,73;404,93
1992;Norrbottens län;0,00;50,62;67,56;169,82;296,90;463,37;821,63;793,65;1161,34;247,41
1991;Riket;4,65;20,86;77,29;211,57;372,43;677,43;939,22;1107,55;994,84;326,55
1991;Stockholms län;3,05;21,75;95,36;212,66;370,40;616,93;844,94;993,94;1017,09;272,29
1991;Uppsala län;18,37;13,42;84,18;244,78;322,78;756,22;775,92;1184,64;1187,34;318,82
1991;Södermanlands län;0,00;26,79;112,38;145,86;384,68;542,84;879,55;1097,39;1129,15;307,01
1991;Östergötlands län;6,75;27,17;117,12;126,24;346,62;582,59;1353,33;1376,98;719,75;358,31
1991;Jönköpings län;0,00;69,84;104,81;222,06;448,24;761,28;1098,70;1135,89;1011,12;396,13
1991;Kronobergs län;0,00;0,00;115,33;254,04;542,31;648,68;1115,72;770,34;1101,06;374,04
1991;Kalmar län;11,42;0,00;82,73;246,49;446,64;811,88;1696,94;1329,02;1209,68;478,24
1991;Gotlands län;0,00;0,00;76,05;149,76;222,80;920,89;855,61;652,53;825,31;298,27
1991;Blekinge län;0,00;0,00;24,02;76,40;343,37;598,62;631,27;837,57;994,04;252,47
1991;Skåne län;7,50;26,43;69,11;235,27;365,42;726,19;997,23;1118,62;982,19;340,81
1991;Hallands län;10,48;13,79;16,57;236,33;466,31;686,97;727,89;1151,41;865,80;322,14
1991;Västra Götalands län;1,91;10,17;52,79;196,14;402,02;718,56;965,61;1224,71;1044,42;344,32
1991;Värmlands län;0,00;0,00;95,77;220,92;311,83;541,29;699,72;1167,74;611,45;292,85
1991;Örebro län;0,00;52,35;81,29;218,03;335,45;542,72;671,14;956,48;1246,11;308,93
1991;Västmanlands län;10,71;13,25;132,24;320,30;503,30;683,13;1097,75;1340,25;978,79;377,81
1991;Dalarnas län;9,33;25,36;71,78;184,41;211,57;684,41;877,78;853,82;1038,36;310,18
1991;Gävleborgs län;9,15;36,53;13,50;197,32;368,57;614,53;714,64;901,74;763,58;286,96
1991;Västernorrlands län;0,00;26,43;72,32;187,90;226,56;650,05;970,25;1049,60;933,42;310,31
1991;Jämtlands län;20,22;57,55;150,78;321,17;482,44;954,25;588,88;1282,44;1092,35;427,81
1991;Västerbottens län;0,00;0,00;110,85;327,14;404,86;789,33;963,49;911,46;917,81;348,54
1991;Norrbottens län;0,00;12,85;13,60;142,51;249,75;666,21;774,06;1294,35;1048,49;261,42
1990;Riket;2,30;20,60;61,73;186,72;349,26;622,34;852,93;1001,22;949,36;299,78
1990;Stockholms län;0,00;22,65;60,47;205,98;369,24;721,22;891,87;1126,88;1061,33;288,35
1990;Uppsala län;0,00;56,28;101,66;225,46;488,61;801,48;1287,21;1404,67;1100,41;399,20
1990;Södermanlands län;0,00;41,72;32,14;240,93;216,17;605,03;944,20;1355,12;1182,99;317,67
1990;Östergötlands län;0,00;9,33;32,01;164,77;314,22;781,85;1057,88;967,86;1037,49;330,27
1990;Jönköpings län;0,00;47,70;155,24;193,42;432,17;743,91;1090,94;1150,75;687,29;383,28
1990;Kronobergs län;0,00;0,00;69,16;295,96;441,60;550,82;768,86;1323,53;1681,35;375,82
1990;Kalmar län;0,00;0,00;66,40;129,73;569,67;581,34;1126,15;1073,41;713,01;365,54
1990;Gotlands län;0,00;0,00;76,07;218,82;364,83;513,70;732,60;334,45;290,28;236,78
1990;Blekinge län;0,00;44,64;48,50;126,74;230,41;431,70;551,27;545,12;1135,19;219,45
1990;Skåne län;5,27;17,03;61,51;183,02;355,24;625,24;775,74;847,30;1090,44;291,04
1990;Hallands län;11,11;42,67;67,38;149,43;360,19;435,52;705,68;598,56;545,33;240,91
1990;Västra Götalands län;2,02;31,27;58,34;176,06;315,40;659,12;750,02;926,94;982,00;292,85
1990;Värmlands län;10,55;0,00;53,76;167,61;322,82;397,22;669,49;746,03;284,90;232,19
1990;Örebro län;10,08;0,00;97,06;306,23;443,77;745,97;1036,06;1257,86;1272,04;408,43
1990;Västmanlands län;0,00;13,69;66,68;182,45;285,16;542,99;940,32;1281,48;1234,02;299,56
1990;Dalarnas län;0,00;26,19;56,77;153,49;265,22;645,44;825,10;963,28;830,86;301,98
1990;Gävleborgs län;9,69;0,00;53,39;129,71;354,32;302,80;737,43;849,72;363,31;231,00
1990;Västernorrlands län;0,00;0,00;57,42;241,80;344,12;560,84;599,25;896,40;959,69;279,26
1990;Jämtlands län;0,00;0,00;90,80;197,57;433,40;754,50;1128,09;997,51;1210,90;405,75
1990;Västerbottens län;0,00;14,84;31,63;160,45;237,34;533,38;820,41;1071,19;772,20;260,63
1990;Norrbottens län;0,00;0,00;13,64;114,94;279,57;381,64;795,76;1189,12;548,95;217,16
1989;Riket;4,55;27,01;72,45;180,79;367,69;635,07;855,47;984,36;1035,98;309,30
1989;Stockholms län;3,45;35,44;93,79;228,08;440,82;659,74;992,32;1087,70;899,66;306,76
1989;Uppsala län;0,00;44,28;136,32;257,75;631,83;751,64;856,88;1057,53;1153,57;374,24
1989;Södermanlands län;11,31;0,00;126,76;174,12;393,34;819,19;1149,15;1356,63;1306,19;387,45
1989;Östergötlands län;7,61;9,63;84,60;211,64;413,96;654,03;1028,16;1212,28;1465,20;367,59
1989;Jönköpings län;9,89;48,94;51,51;226,84;399,69;618,44;814,52;821,79;660,61;313,98
1989;Kronobergs län;0,00;42,81;68,80;178,57;504,44;685,47;991,84;972,86;1629,33;389,82
1989;Kalmar län;12,93;0,00;82,84;238,74;466,24;658,36;925,23;1435,07;867,41;390,08
1989;Gotlands län;0,00;72,46;0,00;0,00;217,23;509,77;719,05;688,47;297,18;211,68
1989;Blekinge län;0,00;0,00;48,90;75,50;451,18;373,60;618,97;733,05;1208,13;248,64
1989;Skåne län;2,80;35,09;65,04;172,86;303,06;636,72;770,09;1114,51;1405,79;309,96
1989;Hallands län;0,00;14,91;50,28;196,75;372,04;702,03;920,88;927,88;1433,18;334,29
1989;Västra Götalands län;2,15;16,10;54,78;184,21;317,51;647,08;795,69;902,88;931,26;292,93
1989;Värmlands län;0,00;26,52;78,77;127,28;326,70;406,79;571,82;602,81;354,71;220,14
1989;Örebro län;10,74;14,37;63,24;223,13;404,09;677,26;1053,48;1205,65;830,12;369,77
1989;Västmanlands län;11,75;43,00;99,23;230,13;492,81;731,11;866,26;734,11;1326,39;334,98
1989;Dalarnas län;10,75;40,48;70,23;109,03;244,62;497,91;880,38;754,95;857,06;275,73
1989;Gävleborgs län;0,00;0,00;78,89;102,87;308,79;583,14;802,06;910,27;798,28;278,83
1989;Västernorrlands län;0,00;27,23;14,21;180,24;285,71;747,85;748,66;818,21;1109,66;297,01
1989;Jämtlands län;0,00;0,00;59,84;81,53;322,94;849,07;1023,95;1214,06;1242,24;386,90
1989;Västerbottens län;0,00;45,10;94,44;141,48;283,11;536,96;697,31;687,44;1058,67;257,27
1989;Norrbottens län;22,79;51,94;40,76;57,44;235,05;404,65;583,40;716,33;472,81;183,50
1988;Riket;3,73;16,92;71,06;191,83;389,16;697,78;906,46;1014,71;976,95;325,36
1988;Stockholms län;5,57;14,84;115,31;256,40;469,42;707,85;945,29;1058,25;880,21;317,88
1988;Uppsala län;0,00;15,50;118,18;222,53;273,67;950,32;942,63;1206,38;956,59;353,88
1988;Södermanlands län;0,00;15,01;79,23;215,47;472,34;885,81;1414,02;1388,01;1526,72;439,73
1988;Östergötlands län;8,12;19,85;93,53;264,36;378,27;856,04;998,39;1093,77;1194,92;381,65
1988;Jönköpings län;0,00;37,70;38,49;170,69;258,43;728,00;785,29;1061,26;967,56;314,29
1988;Kronobergs län;0,00;0,00;45,13;307,05;398,63;756,59;1016,52;1163,41;844,24;379,28
1988;Kalmar län;13,60;31,92;48,64;188,35;342,13;543,00;974,66;787,54;576,92;311,20
1988;Gotlands län;0,00;0,00;0,00;140,40;430,57;168,56;615,38;873,36;1217,66;243,07
1988;Blekinge län;0,00;0,00;73,62;149,94;326,92;539,41;847,15;928,22;1140,90;294,65
1988;Skåne län;5,95;18,07;41,68;189,06;458,82;724,79;964,10;1139,57;968,52;345,93
1988;Hallands län;0,00;31,04;66,61;194,27;234,58;665,62;861,22;1435,41;981,87;323,73
1988;Västra Götalands län;2,28;13,85;53,78;157,82;300,73;605,51;895,22;833,68;1004,22;290,80
1988;Värmlands län;0,00;0,00;25,60;150,08;217,88;696,76;736,46;649,57;546,12;253,66
1988;Örebro län;0,00;15,19;76,70;285,49;375,51;866,91;923,79;640,80;988,88;362,18
1988;Västmanlands län;0,00;30,08;162,51;196,11;522,45;804,67;1029,16;868,94;595,53;352,42
1988;Dalarnas län;0,00;41,72;13,84;105,86;313,91;643,60;627,20;664,56;1127,47;274,74
1988;Gävleborgs län;11,06;0,00;115,87;50,80;490,98;607,26;762,27;1164,53;991,33;324,77
1988;Västernorrlands län;0,00;0,00;125,87;149,61;420,82;722,93;840,43;1201,75;1554,58;362,70
1988;Jämtlands län;0,00;29,55;29,08;263,26;465,34;575,87;895,86;1521,16;1141,08;400,15
1988;Västerbottens län;13,61;30,44;31,34;169,30;587,25;838,25;782,98;1037,25;820,79;348,04
1988;Norrbottens län;0,00;13,05;26,96;99,78;385,02;500,15;812,02;1138,33;774,82;247,74
1987;Riket;4,73;21,46;64,96;175,62;369,94;643,70;920,13;1071,05;1034,22;320,82
1987;Stockholms län;3,99;25,50;70,96;201,24;405,83;699,74;940,26;1147,05;1318,64;309,65
1987;Uppsala län;0,00;16,16;33,38;201,80;533,65;599,61;886,74;1045,75;381,39;310,76
1987;Södermanlands län;12,69;30,63;94,51;227,12;368,38;826,60;976,80;1345,49;1573,50;388,84
1987;Östergötlands län;8,57;30,54;122,41;239,11;606,83;657,74;1098,05;1266,52;870,01;403,42
1987;Jönköpings län;11,02;38,26;25,28;142,00;374,93;578,52;1087,65;833,61;1114,04;329,84
1987;Kronobergs län;0,00;67,10;44,37;150,49;516,39;613,65;951,47;1346,98;1561,82;396,90
1987;Kalmar län;0,00;32,62;63,62;169,53;386,24;648,57;874,51;1002,23;1055,41;346,67
1987;Gotlands län;0,00;0,00;0,00;0,00;71,07;581,15;718,69;888,10;625,98;215,32
1987;Blekinge län;0,00;0,00;24,58;322,10;303,87;607,90;598,58;1058,53;349,85;279,72
1987;Skåne län;0,00;22,21;97,06;189,98;365,29;609,38;1032,34;1284,43;1298,21;350,63
1987;Hallands län;13,37;0,00;33,24;158,58;300,80;622,81;762,39;932,30;625,00;273,44
1987;Västra Götalands län;12,02;8,45;55,82;154,07;323,69;587,94;762,99;981,23;1011,71;289,00
1987;Värmlands län;0,00;26,89;62,38;73,52;328,65;627,01;800,00;763,23;495,66;270,21
1987;Örebro län;0,00;15,64;59,83;109,78;412,04;573,52;1196,27;1047,31;780,74;348,84
1987;Västmanlands län;0,00;15,50;48,05;289,46;505,87;758,33;1420,34;1258,49;1417,72;408,85
1987;Dalarnas län;0,00;28,21;108,93;127,79;215,40;510,99;794,55;696,86;906,15;268,80
1987;Gävleborgs län;0,00;13,11;12,67;99,29;317,85;603,64;671,79;947,23;563,20;260,32
1987;Västernorrlands län;0,00;27,83;41,21;212,22;288,05;913,62;1053,65;1041,86;1333,33;371,59
1987;Jämtlands län;0,00;58,92;171,14;280,68;336,30;796,59;1187,74;1689,19;1028,28;467,19
1987;Västerbottens län;14,15;30,71;62,39;180,53;397,17;758,73;929,12;1216,84;1107,52;345,81
1987;Norrbottens län;0,00;0,00;13,35;85,02;195,71;498,11;605,14;461,07;693,07;170,82
1986;Riket;4,92;18,34;64,69;171,42;328,92;587,16;803,83;1065,88;1010,38;295,78
1986;Stockholms län;0,00;15,57;64,97;176,15;346,02;630,18;838,74;1057,48;941,08;269,13
1986;Uppsala län;0,00;16,47;50,08;131,47;347,71;542,29;885,67;1383,62;725,51;301,89
1986;Södermanlands län;0,00;31,17;61,84;222,27;479,84;947,69;1292,73;1531,19;1459,23;443,07
1986;Östergötlands län;0,00;10,33;99,90;187,12;405,02;616,99;960,55;1018,82;1024,26;333,72
1986;Jönköpings län;0,00;12,73;124,60;160,48;328,99;646,43;644,45;1128,78;850,29;306,99
1986;Kronobergs län;0,00;22,52;21,98;229,89;271,68;654,42;828,95;945,76;1300,95;328,63
1986;Kalmar län;0,00;16,29;78,87;193,70;283,84;602,36;703,68;1192,31;1379,31;332,28
1986;Gotlands län;0,00;0,00;71,74;137,55;215,21;644,12;518,13;0,00;328,95;196,55
1986;Blekinge län;21,70;46,56;0,00;219,70;430,43;513,11;835,87;1006,61;949,55;314,08
1986;Skåne län;3,27;22,49;70,03;167,90;355,84;594,37;911,04;1139,04;1041,46;315,89
1986;Hallands län;0,00;16,44;33,06;123,47;178,77;272,32;604,55;1288,24;1362,18;234,48
1986;Västra Götalands län;14,97;25,46;49,59;162,85;323,15;525,32;852,04;988,07;1137,02;294,92
1986;Värmlands län;0,00;0,00;73,84;177,45;272,75;376,17;584,32;570,00;832,27;225,24
1986;Örebro län;12,84;62,85;58,67;145,19;372,69;548,42;791,75;911,41;1096,27;314,92
1986;Västmanlands län;0,00;0,00;141,74;140,82;530,20;671,60;1016,20;1624,31;736,45;357,70
1986;Dalarnas län;0,00;14,00;13,49;232,32;167,93;510,84;494,58;864,24;1018,33;243,98
1986;Gävleborgs län;11,90;0,00;37,50;84,04;271,17;415,65;463,32;933,13;321,44;205,53
1986;Västernorrlands län;12,92;13,98;95,47;165,81;252,24;638,77;640,07;801,53;874,00;273,13
1986;Jämtlands län;0,00;58,15;27,96;344,32;383,92;785,74;818,39;1010,78;953,39;388,26
1986;Västerbottens län;0,00;0,00;108,34;176,34;268,44;877,53;945,69;1750,88;1231,06;366,39
1986;Norrbottens län;12,51;0,00;53,35;126,56;281,08;576,48;636,15;957,70;808,08;228,11
1985;Riket;4,63;12,21;57,24;165,05;321,51;521,15;833,94;1020,18;1001,37;282,11
1985;Stockholms län;2,20;13,11;55,69;166,60;329,37;500,33;934,50;1276,99;1068,49;265,53
1985;Uppsala län;14,05;16,58;49,60;192,20;413,37;499,06;734,69;1152,07;1230,52;305,53
1985;Södermanlands län;13,62;31,15;15,24;198,72;478,62;643,92;1223,40;1758,85;2318,32;421,38
1985;Östergötlands län;18,34;10,30;19,52;233,60;223,30;486,04;884,39;835,73;674,92;264,83
1985;Jönköpings län;0,00;0,00;85,91;241,27;277,93;734,73;792,98;1012,75;990,10;325,38
1985;Kronobergs län;0,00;0,00;86,71;162,98;435,73;525,13;905,71;1239,09;1149,93;346,91
1985;Kalmar län;0,00;0,00;62,13;186,13;378,47;445,36;734,72;1275,61;647,72;303,70
1985;Gotlands län;0,00;74,10;0,00;134,95;290,80;236,31;528,82;1299,91;683,76;236,31
1985;Blekinge län;0,00;46,90;48,37;117,94;335,87;562,03;805,68;588,04;367,20;253,50
1985;Skåne län;3,36;22,49;69,06;197,53;363,99;489,06;843,47;1130,97;1152,45;303,42
1985;Hallands län;0,00;0,00;162,60;120,08;371,06;763,36;1004,21;856,33;906,84;330,54
1985;Västra Götalands län;2,56;14,06;59,64;156,78;312,76;493,07;638,27;814,31;818,27;249,21
1985;Värmlands län;0,00;13,01;24,42;157,17;167,97;384,62;755,41;796,67;1109,66;234,78
1985;Örebro län;0,00;0,00;86,31;213,09;368,20;742,80;985,75;1259,96;991,15;373,58
1985;Västmanlands län;0,00;0,00;46,59;90,40;373,80;723,86;934,31;766,28;767,54;275,93
1985;Dalarnas län;0,00;13,78;53,15;196,91;232,46;452,79;697,27;697,76;1256,98;261,60
1985;Gävleborgs län;0,00;0,00;49,12;91,69;254,47;420,59;833,98;1048,77;930,85;258,99
1985;Västernorrlands län;0,00;13,85;40,17;111,33;228,13;466,91;970,56;886,15;1357,98;275,75
1985;Jämtlands län;28,52;0,00;26,95;139,86;270,57;359,81;830,53;1349,53;983,61;297,66
1985;Västerbottens län;0,00;0,00;60,60;86,00;334,39;714,01;1041,67;716,30;491,64;277,42
1985;Norrbottens län;37,51;0,00;40,23;97,09;353,54;374,64;730,13;704,99;924,02;211,75
1984;Riket;1,73;16,76;67,28;161,60;319,01;556,60;858,07;1084,62;985,46;288,87
1984;Stockholms län;2,30;18,40;72,08;189,91;352,18;563,79;893,53;1116,81;1155,17;272,06
1984;Uppsala län;0,00;33,28;65,58;126,12;402,67;664,11;558,35;846,26;922,05;275,98
1984;Södermanlands län;0,00;0,00;59,94;206,85;245,04;780,47;1399,52;1491,10;1634,14;388,36
1984;Östergötlands län;9,46;0,00;95,28;175,24;360,23;641,41;975,85;1179,94;1163,47;333,85
1984;Jönköpings län;0,00;37,49;47,81;265,86;431,57;642,30;1037,18;1180,68;1005,97;365,92
1984;Kronobergs län;0,00;0,00;127,38;141,31;366,13;569,66;1162,02;1231,46;648,45;349,78
1984;Kalmar län;0,00;32,38;76,02;97,48;304,74;392,54;788,02;1012,66;747,10;271,22
1984;Gotlands län;0,00;0,00;68,42;200,60;71,97;547,52;1315,07;758,29;349,65;287,37
1984;Blekinge län;0,00;47,14;95,51;275,89;181,58;640,58;691,24;759,67;892,29;284,11
1984;Skåne län;0,00;18,63;71,54;170,58;296,99;615,48;839,21;1320,63;1038,96;306,93
1984;Hallands län;0,00;0,00;48,07;163,12;276,22;665,10;810,17;1233,05;169,06;276,16
1984;Västra Götalands län;0,00;19,42;69,14;133,60;302,36;563,92;786,68;972,50;1177,82;281,14
1984;Värmlands län;0,00;0,00;48,20;97,91;250,31;573,61;782,70;989,92;592,50;256,43
1984;Örebro län;0,00;0,00;69,68;218,35;303,03;571,03;813,99;1134,43;947,18;314,86
1984;Västmanlands län;0,00;15,70;61,55;132,34;579,66;604,52;1059,29;974,49;798,63;316,38
1984;Dalarnas län;13,36;0,00;77,75;100,84;248,02;303,86;577,69;1092,90;644,93;223,33
1984;Gävleborgs län;0,00;12,63;48,45;133,31;309,90;342,27;747,15;924,12;624,57;240,66
1984;Västernorrlands län;0,00;13,70;39,03;158,81;199,99;460,72;810,34;901,08;1555,21;267,17
1984;Jämtlands län;0,00;0,00;103,77;180,87;420,90;360,21;971,27;1231,61;678,35;324,43
1984;Västerbottens län;14,69;30,49;44,46;113,47;384,37;387,63;952,11;1111,99;1294,82;279,80
1984;Norrbottens län;0,00;38,93;26,70;139,09;235,33;609,34;751,99;711,16;645,51;220,59
1983;Riket;3,58;15,15;66,65;149,74;325,29;592,71;760,87;1002,90;1135,24;281,33
1983;Stockholms län;4,81;18,28;67,45;161,87;389,54;659,92;787,92;1152,13;1280,59;275,60
1983;Uppsala län;15,45;0,00;81,68;175,17;486,18;668,06;713,27;1111,11;1623,93;340,36
1983;Södermanlands län;14,66;15,29;145,63;247,70;420,58;999,82;1270,96;1561,71;1932,81;457,04
1983;Östergötlands län;0,00;10,02;83,16;158,30;245,17;509,57;853,68;883,61;1145,96;270,01
1983;Jönköpings län;0,00;12,39;69,22;168,99;378,67;741,91;798,20;1062,47;1042,35;325,56
1983;Kronobergs län;0,00;21,89;104,29;122,32;470,43;662,25;714,41;960,99;1430,62;340,54
1983;Kalmar län;0,00;15,75;29,91;110,25;357,09;670,81;754,03;761,68;608,13;285,16
1983;Gotlands län;0,00;73,48;67,68;66,36;71,48;552,92;672,65;785,08;1451,91;248,74
1983;Blekinge län;0,00;23,55;23,65;137,82;223,49;365,68;467,38;926,26;656,17;202,84
1983;Skåne län;3,56;18,38;60,00;181,76;327,98;603,11;722,83;1106,70;1405,45;297,53
1983;Hallands län;0,00;32,77;63,16;134,58;365,06;589,97;1058,66;1228,88;1061,48;323,23
1983;Västra Götalands län;0,00;10,88;80,40;141,73;292,42;534,10;729,70;876,25;969,96;261,13
1983;Värmlands län;0,00;0,00;59,11;141,19;246,91;688,49;545,47;817,69;1070,23;260,50
1983;Örebro län;0,00;0,00;80,42;156,61;435,34;708,18;653,82;742,33;604,91;296,93
1983;Västmanlands län;0,00;30,90;30,40;102,46;334,98;611,38;913,24;832,84;1214,33;265,82
1983;Dalarnas län;13,68;26,75;50,33;110,80;210,92;342,71;661,98;1160,09;814,21;235,63
1983;Gävleborgs län;0,00;12,37;23,82;99,15;268,47;481,59;723,84;867,99;793,94;240,02
1983;Västernorrlands län;13,48;0,00;25,45;146,12;183,62;457,74;776,31;1208,46;1217,04;260,64
1983;Jämtlands län;28,72;27,90;50,51;156,15;218,29;480,77;869,57;1171,61;1424,33;312,09
1983;Västerbottens län;0,00;15,16;86,98;156,45;348,96;583,94;779,33;1193,38;906,80;284,49
1983;Norrbottens län;0,00;12,82;65,84;85,18;314,00;436,33;627,43;446,30;1255,71;195,94
1982;Riket;3,64;12,66;54,36;150,34;281,87;544,47;816,45;1079,27;940,41;267,53
1982;Stockholms län;4,96;10,36;53,38;187,02;260,68;587,95;838,94;1050,77;966,18;242,89
1982;Uppsala län;0,00;16,34;80,33;257,98;321,92;604,36;1095,89;1104,42;1306,05;344,42
1982;Södermanlands län;0,00;15,15;114,48;276,09;396,13;1032,83;1500,42;1856,15;1703,74;475,30
1982;Östergötlands län;0,00;0,00;45,03;141,27;314,43;473,48;768,22;1270,45;1541,78;281,17
1982;Jönköpings län;0,00;12,16;55,87;147,84;290,17;641,07;1063,60;1338,79;679,81;315,21
1982;Kronobergs län;0,00;21,45;20,54;267,88;483,62;688,64;729,93;1265,09;961,08;355,35
1982;Kalmar län;0,00;15,40;43,88;41,33;215,59;557,65;868,54;738,61;231,39;238,07
1982;Gotlands län;0,00;0,00;0,00;66,01;284,90;238,28;456,88;605,45;1489,76;188,74
1982;Blekinge län;22,73;0,00;70,39;183,59;192,24;512,09;874,75;1295,90;137,36;267,00
1982;Skåne län;7,28;10,84;45,12;134,75;316,60;527,72;748,89;1159,63;1176,86;272,90
1982;Hallands län;0,00;0,00;77,29;136,75;310,37;460,55;764,14;1060,45;556,59;251,15
1982;Västra Götalands län;2,74;21,42;37,93;137,72;282,09;509,71;781,73;1044,62;767,32;255,27
1982;Värmlands län;0,00;12,07;34,68;120,23;257,02;554,46;683,91;822,28;838,87;243,40
1982;Örebro län;0,00;14,33;90,23;179,24;335,93;418,86;918,06;1149,43;934,94;299,97
1982;Västmanlands län;0,00;30,56;44,73;116,74;82,86;562,42;750,94;1110,43;1375,00;227,87
1982;Dalarnas län;0,00;0,00;60,73;109,88;370,94;453,74;750,19;877,54;771,90;258,14
1982;Gävleborgs län;0,00;0,00;57,95;109,60;203,17;423,64;821,02;663,23;892,19;226,98
1982;Västernorrlands län;0,00;13,16;49,46;98,36;250,16;608,76;843,59;1078,84;1009,68;274,76
1982;Jämtlands län;0,00;0,00;24,51;109,84;167,20;435,73;631,31;834,49;602,05;214,17
1982;Västerbottens län;0,00;30,24;70,73;156,48;204,89;354,99;648,87;1089,92;835,07;220,10
1982;Norrbottens län;25,26;12,64;117,69;129,21;328,87;657,50;495,51;1095,10;1184,83;251,33
1981;Riket;5,04;17,42;46,88;146,16;304,00;548,88;826,35;937,51;952,23;261,44
1981;Stockholms län;0,00;15,38;53,77;128,74;311,94;526,84;899,94;979,21;1147,32;234,04
1981;Uppsala län;16,20;32,65;78,30;130,21;287,56;602,41;731,96;573,22;1687,39;278,40
1981;Södermanlands län;0,00;44,64;27,97;209,25;407,81;878,59;1304,96;1998,95;1187,53;412,47
1981;Östergötlands län;0,00;19,18;26,37;141,79;250,98;524,59;1062,89;698,72;936,91;259,62
1981;Jönköpings län;12,38;23,93;86,44;213,14;300,25;467,75;824,92;1101,61;1342,76;296,06
1981;Kronobergs län;0,00;42,42;80,03;227,88;281,51;595,83;854,70;635,29;583,09;285,31
1981;Kalmar län;15,95;0,00;28,29;152,07;183,02;428,09;649,35;803,21;479,42;218,37
1981;Gotlands län;0,00;0,00;0,00;200,00;348,19;321,03;355,03;617,28;383,88;188,50
1981;Blekinge län;22,78;0,00;23,04;114,51;285,14;428,82;1020,20;722,54;1283,88;263,29
1981;Skåne län;7,35;32,09;43,97;147,01;356,44;597,80;825,73;961,36;1070,35;282,84
1981;Hallands län;0,00;32,41;75,32;124,58;239,46;613,50;817,81;1614,21;584,80;288,74
1981;Västra Götalands län;11,00;15,84;31,89;114,21;289,76;528,17;745,23;786,97;936,81;240,52
1981;Värmlands län;0,00;0,00;66,69;155,79;226,87;454,61;796,04;867,27;592,59;238,25
1981;Örebro län;0,00;14,11;24,62;203,32;370,69;554,37;652,30;1327,05;712,59;290,88
1981;Västmanlands län;0,00;0,00;0,00;132,45;427,74;553,90;674,05;838,71;758,05;235,44
1981;Dalarnas län;13,76;13,02;69,46;165,24;343,83;725,26;772,03;1065,36;645,68;305,09
1981;Gävleborgs län;0,00;12,00;78,36;166,73;348,91;511,18;836,73;563,06;703,67;260,50
1981;Västernorrlands län;0,00;13,03;47,55;200,98;258,29;511,95;747,93;1162,54;1213,70;275,82
1981;Jämtlands län;0,00;0,00;23,53;65,97;307,58;647,06;803,04;714,80;483,09;255,27
1981;Västerbottens län;0,00;15,00;41,48;142,08;316,41;438,25;866,71;834,26;1107,42;244,55
1981;Norrbottens län;0,00;0,00;64,93;130,47;164,37;520,21;890,59;1069,20;978,59;220,55
1980;Riket;4,11;20,65;55,02;151,78;286,61;553,94;766,27;934,72;886,64;252,12
1980;Stockholms län;5,07;17,56;49,15;136,77;319,11;591,40;859,03;1108,40;995,02;237,66
1980;Uppsala län;16,26;16,17;75,85;317,81;321,26;712,56;1139,43;901,14;1528,09;360,44
1980;Södermanlands län;0,00;87,97;26,82;202,39;418,44;779,47;1180,37;1987,11;2965,24;429,62
1980;Östergötlands län;0,00;18,72;75,82;181,40;289,12;493,86;592,62;1136,76;630,72;246,06
1980;Jönköpings län;0,00;11,78;103,54;186,57;367,34;712,26;1303,44;739,59;947,52;336,01
1980;Kronobergs län;0,00;20,91;19,45;230,46;321,10;405,73;895,74;822,08;801,20;272,70
1980;Kalmar län;0,00;45,02;95,67;41,91;250,30;449,03;506,88;706,09;493,62;209,29
1980;Gotlands län;0,00;0,00;0,00;270,36;202,29;325,47;360,14;1084,60;1176,47;217,60
1980;Blekinge län;22,87;23,17;88,63;93,43;140,88;685,52;377,83;512,82;742,94;205,64
1980;Skåne län;3,67;38,64;39,25;155,29;302,27;676,09;720,81;1028,44;973,51;273,85
1980;Hallands län;0,00;31,98;29,34;144,82;240,05;750,16;592,36;651,82;612,56;238,15
1980;Västra Götalands län;0,00;18,17;61,32;115,17;275,32;470,39;686,91;721,45;627,54;217,81
1980;Värmlands län;0,00;0,00;42,07;173,27;184,59;489,00;542,06;801,83;467,11;205,51
1980;Örebro län;15,06;27,71;58,27;97,72;366,80;614,54;778,49;1016,80;724,05;281,68
1980;Västmanlands län;0,00;0,00;55,52;120,19;260,71;379,23;902,10;1263,30;766,77;226,55
1980;Dalarnas län;0,00;0,00;76,96;146,31;318,41;332,51;739,00;1076,83;575,42;239,74
1980;Gävleborgs län;37,49;0,00;64,20;161,43;291,86;573,85;681,58;539,60;726,98;243,80
1980;Västernorrlands län;0,00;12,82;57,54;230,52;252,76;505,01;895,91;1145,37;1559,63;293,40
1980;Jämtlands län;0,00;0,00;44,66;202,36;187,53;444,25;725,88;1226,99;616,14;256,90
1980;Västerbottens län;0,00;14,61;53,75;201,45;287,59;599,58;757,81;874,64;808,78;253,14
1980;Norrbottens län;0,00;12,70;12,79;103,38;130,52;386,22;712,90;670,32;1017,16;164,00
1979;Riket;1,36;16,77;65,51;145,43;294,62;529,92;775,76;916,88;976,31;248,33
1979;Stockholms län;2,53;24,31;80,71;158,76;326,31;514,50;804,84;1018,81;1112,94;232,34
1979;Uppsala län;0,00;0,00;29,84;186,84;372,97;534,87;913,94;903,77;931,10;279,42
1979;Södermanlands län;0,00;28,86;52,28;221,83;442,24;761,12;1320,04;1677,04;2803,74;417,68
1979;Östergötlands län;0,00;0,00;73,84;128,68;375,94;563,86;785,60;840,63;577,29;253,33
1979;Jönköpings län;0,00;34,41;130,84;212,34;327,56;494,79;876,21;953,52;596,57;281,27
1979;Kronobergs län;0,00;0,00;96,23;167,64;254,08;495,57;787,40;423,22;931,68;245,52
1979;Kalmar län;0,00;0,00;66,70;98,03;261,64;470,75;772,67;731,60;579,95;234,90
1979;Gotlands län;0,00;0,00;127,55;200,60;330,47;166,32;726,39;1135,07;0,00;226,93
1979;Blekinge län;22,90;23,02;43,15;70,41;163,38;513,63;384,86;751,31;616,33;185,09
1979;Skåne län;0,00;24,16;57,83;153,79;295,87;563,42;628,38;1034,04;1161,20;254,08
1979;Hallands län;0,00;15,80;72,34;229,89;323,18;471,34;805,02;1182,43;313,32;263,18
1979;Västra Götalands län;0,00;17,80;53,02;140,57;254,36;524,65;736,75;798,82;841,74;231,36
1979;Värmlands län;0,00;11,57;50,92;223,66;328,27;433,22;547,71;973,90;729,93;240,26
1979;Örebro län;0,00;13,39;67,78;147,80;274,08;593,72;930,79;905,59;819,34;275,77
1979;Västmanlands län;0,00;14,69;54,33;60,06;259,42;655,24;871,54;751,88;502,20;219,56
1979;Dalarnas län;0,00;0,00;53,44;114,29;277,64;505,01;840,24;713,09;1256,81;249,43
1979;Gävleborgs län;0,00;0,00;62,27;93,53;275,42;435,67;754,55;758,79;979,19;227,14
1979;Västernorrlands län;0,00;24,95;45,44;153,81;354,03;677,91;764,82;906,21;1435,41;288,37
1979;Jämtlands län;0,00;0,00;86,52;45,14;187,00;362,70;732,13;1086,56;1326,10;240,86
1979;Västerbottens län;0,00;14,26;52,99;86,76;288,14;504,74;1118,19;1146,65;1175,78;263,88
1979;Norrbottens län;12,50;25,28;64,04;88,63;145,18;546,22;560,04;694,66;1063,12;181,56
1978;Riket;4,91;16,80;49,58;138,85;279,16;507,74;780,26;972,35;919,18;237,94
1978;Stockholms län;10,04;16,45;43,73;142,69;293,66;532,51;921,23;1185,83;1043,71;226,21
1978;Uppsala län;0,00;0,00;75,62;133,56;425,87;414,62;741,43;1393,73;870,83;277,57
1978;Södermanlands län;29,74;42,20;65,21;247,87;349,44;854,19;1260,69;1595,16;2075,77;399,23
1978;Östergötlands län;9,76;17,71;41,16;73,02;274,59;525,36;709,15;750,13;786,89;216,50
1978;Jönköpings län;12,04;22,15;69,99;144,13;257,31;636,25;1207,01;1180,78;830,50;300,72
1978;Kronobergs län;0,00;40,20;77,68;123,23;273,40;480,51;1415,09;1347,21;866,27;334,75
1978;Kalmar län;0,00;0,00;0,00;81,83;232,94;513,48;488,28;605,50;586,76;190,11
1978;Gotlands län;0,00;0,00;0,00;131,28;264,55;255,32;745,34;1816,12;423,73;236,46
1978;Blekinge län;0,00;22,90;21,55;67,73;305,67;404,16;389,69;465,48;469,12;168,02
1978;Skåne län;3,59;10,21;74,19;183,37;295,52;652,39;784,17;1066,70;1299,89;281,09
1978;Hallands län;0,00;31,14;0,00;32,82;339,47;725,20;793,91;760,90;963,60;247,64
1978;Västra Götalands län;2,64;22,30;60,21;138,51;243,70;381,28;817,47;931,36;688,47;220,34
1978;Värmlands län;0,00;11,34;30,53;69,84;301,01;363,88;483,09;599,64;589,47;175,64
1978;Örebro län;0,00;12,83;44,98;97,13;376,06;454,43;780,58;644,86;926,71;237,57
1978;Västmanlands län;0,00;29,01;40,59;192,09;261,14;476,73;756,48;988,35;1136,36;229,03
1978;Dalarnas län;13,15;0,00;63,50;159,64;213,97;474,51;441,35;795,98;965,34;209,54
1978;Gävleborgs län;0,00;11,40;20,63;138,51;237,87;266,21;672,38;818,16;506,33;186,92
1978;Västernorrlands län;0,00;24,38;56,80;50,61;351,77;508,99;757,95;1083,63;771,83;244,49
1978;Jämtlands län;0,00;0,00;21,27;199,16;213,30;433,44;641,16;656,46;946,19;224,82
1978;Västerbottens län;0,00;0,00;66,50;185,94;207,65;657,49;606,06;914,08;1305,64;239,07
1978;Norrbottens län;0,00;24,99;26,04;218,37;193,35;544,90;435,58;927,77;418,99;184,32
1977;Riket;3,96;15,57;54,86;140,55;283,63;481,78;727,52;1081,06;978,93;234,26
1977;Stockholms län;7,46;25,06;63,73;149,86;313,46;569,52;733,49;1339,41;1261,58;230,55
1977;Uppsala län;0,00;0,00;92,05;99,21;372,77;594,45;1040,68;1082,54;996,02;297,02
1977;Södermanlands län;0,00;13,84;65,27;213,84;689,07;785,66;1406,51;2560,46;2945,82;485,29
1977;Östergötlands län;0,00;17,29;33,05;190,17;176,57;457,67;711,33;1243,83;871,61;227,15
1977;Jönköpings län;11,84;42,99;59,84;164,28;295,86;463,11;808,50;1275,51;1428,03;275,01
1977;Kronobergs län;21,05;0,00;58,48;120,57;253,49;380,43;441,10;1366,04;565,29;223,58
1977;Kalmar län;0,00;0,00;39,40;26,38;191,51;401,85;926,27;992,44;527,24;215,53
1977;Gotlands län;0,00;0,00;0,00;259,66;197,63;436,11;631,71;701,75;433,84;206,52
1977;Blekinge län;0,00;0,00;64,65;153,26;213,24;263,93;486,73;324,28;317,71;151,31
1977;Skåne län;3,53;10,03;58,55;145,31;308,68;503,58;795,02;1267,26;1236,12;261,53
1977;Hallands län;0,00;15,28;29,54;146,42;189,62;469,80;472,41;962,12;647,60;193,32
1977;Västra Götalands län;2,60;12,07;58,35;138,95;253,74;456,59;714,97;874,23;745,36;215,77
1977;Värmlands län;0,00;11,08;30,73;114,53;251,53;400,15;529,86;952,18;505,26;193,29
1977;Örebro län;0,00;12,30;55,70;191,65;311,47;528,33;708,86;1313,01;782,95;265,86
1977;Västmanlands län;14,80;14,22;53,82;88,08;249,21;420,27;637,42;932,90;1191,26;194,66
1977;Dalarnas län;0,00;35,36;42,00;113,18;236,67;600,55;832,05;1093,82;821,54;254,21
1977;Gävleborgs län;0,00;11,08;61,78;114,16;189,53;286,14;722,89;764,49;1045,30;194,70
1977;Västernorrlands län;0,00;11,84;57,44;112,13;285,10;368,14;802,41;828,26;884,52;217,73
1977;Jämtlands län;0,00;23,82;20,96;87,08;192,98;407,84;384,04;586,08;482,51;164,92
1977;Västerbottens län;14,75;13,62;79,76;227,27;386,07;605,30;615,88;498,29;1194,03;252,10
1977;Norrbottens län;0,00;12,42;26,25;101,10;323,86;405,59;309,76;626,30;293,26;146,47
1976;Riket;4,35;15,88;53,91;153,06;285,54;506,93;782,17;968,11;899,52;233,22
1976;Stockholms län;7,39;17,53;55,94;185,44;281,82;456,47;798,57;1164,21;881,06;208,11
1976;Uppsala län;0,00;30,54;0,00;132,63;392,44;644,66;740,14;988,20;1249,35;276,31
1976;Södermanlands län;14,53;40,39;118,46;267,04;601,39;776,46;1371,14;2282,04;2459,89;464,79
1976;Östergötlands län;9,39;0,00;33,18;179,54;207,67;640,94;797,53;1274,12;823,05;250,34
1976;Jönköpings län;0,00;20,82;70,17;140,62;240,49;581,54;805,69;757,74;964,39;237,71
1976;Kronobergs län;0,00;0,00;0,00;138,34;235,27;468,38;811,96;828,03;345,42;217,19
1976;Kalmar län;0,00;0,00;79,10;115,98;274,27;318,42;544,82;774,44;726,61;198,64
1976;Gotlands län;0,00;64,72;0,00;127,15;197,50;0,00;636,94;993,79;836,82;166,82
1976;Blekinge län;0,00;0,00;21,48;86,86;260,94;447,03;634,78;584,55;160,38;178,12
1976;Skåne län;0,00;22,79;66,06;185,93;312,03;640,13;979,16;1255,77;1058,57;289,48
1976;Hallands län;0,00;0,00;30,21;145,26;211,08;436,83;443,01;626,17;1382,24;189,63
1976;Västra Götalands län;7,67;9,36;63,90;152,37;289,83;541,81;759,43;824,85;759,66;230,69
1976;Värmlands län;11,66;42,63;41,70;89,46;240,01;310,39;760,88;474,75;667,50;185,63
1976;Örebro län;0,00;0,00;111,04;164,91;369,71;530,73;707,73;859,19;970,87;258,65
1976;Västmanlands län;0,00;27,46;67,91;116,78;237,89;500,42;735,72;1246,33;555,56;208,67
1976;Dalarnas län;12,84;11,26;52,61;134,84;262,14;454,32;796,43;946,64;831,41;232,62
1976;Gävleborgs län;0,00;10,72;52,16;134,02;283,89;381,59;559,22;882,03;702,99;202,38
1976;Västernorrlands län;0,00;11,38;46,95;97,63;245,41;524,98;806,03;846,19;1004,52;224,51
1976;Jämtlands län;0,00;0,00;20,94;107,53;220,05;280,37;567,44;819,98;496,89;177,68
1976;Västerbottens län;0,00;39,86;0,00;70,99;194,38;552,90;991,74;699,30;996,88;210,21
1976;Norrbottens län;0,00;12,31;13,27;157,75;309,19;301,73;500,00;356,25;773,40;149,55
1975;Riket;2,99;15,26;62,82;127,24;270,61;511,59;768,10;1016,81;1090,33;229,81
1975;Stockholms län;2,41;14,65;69,81;116,73;237,32;686,91;782,53;1178,78;1289,42;214,39
1975;Uppsala län;15,91;0,00;111,87;230,19;288,52;520,07;1003,89;1239,09;1180,26;304,03
1975;Södermanlands län;14,33;51,37;67,79;359,46;468,35;1121,15;1621,11;2261,90;2418,91;498,57
1975;Östergötlands län;0,00;8,16;17,01;133,65;300,38;401,06;656,95;694,71;697,11;191,09
1975;Jönköpings län;0,00;0,00;103,05;138,47;159,77;473,62;707,06;1055,53;818,45;214,38
1975;Kronobergs län;0,00;37,43;19,86;155,85;284,56;412,48;597,13;865,51;806,45;223,01
1975;Kalmar län;0,00;26,51;66,34;50,75;248,76;407,62;750,37;897,08;723,33;214,04
1975;Gotlands län;0,00;0,00;0,00;0,00;134,41;180,91;523,22;254,78;0,00;87,96
1975;Blekinge län;0,00;42,63;43,76;107,15;165,99;244,76;366,64;690,85;316,71;140,92
1975;Skåne län;6,86;12,59;78,38;156,01;308,85;518,07;891,07;1394,84;1361,96;276,07
1975;Hallands län;0,00;0,00;77,95;64,70;197,22;637,17;658,81;781,25;1063,83;215,55
1975;Västra Götalands län;2,51;13,49;80,47;110,42;239,27;518,96;813,12;986,77;1204,59;232,60
1975;Värmlands län;11,57;0,00;21,64;120,06;242,07;265,44;722,59;716,36;601,63;178,35
1975;Örebro län;0,00;88,96;90,89;139,49;389,16;465,68;776,96;883,44;1344,09;270,50
1975;Västmanlands län;0,00;0,00;27,85;101,66;381,94;515,34;1068,04;973,05;989,40;229,71
1975;Dalarnas län;0,00;10,70;10,75;111,78;206,14;426,26;680,35;576,75;641,61;179,87
1975;Gävleborgs län;0,00;10,30;64,89;152,52;440,35;493,94;599,56;717,81;1235,11;245,72
1975;Västernorrlands län;0,00;0,00;23,97;83,64;170,19;323,65;614,56;1073,07;915,56;173,95
1975;Jämtlands län;0,00;21,62;85,59;106,66;371,10;406,25;443,95;754,72;644,33;214,05
1975;Västerbottens län;0,00;0,00;53,94;71,23;243,47;496,97;652,47;581,21;655,74;177,07
1975;Norrbottens län;0,00;12,12;27,06;99,35;248,10;451,47;370,03;952,38;1278,98;163,80
1974;Riket;5,86;14,18;54,98;151,69;275,75;488,03;808,32;954,12;1060,90;227,30
1974;Stockholms län;2,32;20,43;42,93;203,56;315,53;466,80;911,49;1281,67;1368,89;222,23
1974;Uppsala län;0,00;29,26;80,80;163,32;350,13;751,88;981,03;1043,78;1600,00;321,88
1974;Södermanlands län;14,07;37,55;41,43;109,18;319,90;845,84;1082,97;1900,09;2073,73;341,37
1974;Östergötlands län;8,97;15,88;51,78;185,33;254,21;450,03;686,71;867,34;1144,49;219,81
1974;Jönköpings län;11,24;19,36;94,43;115,87;252,67;499,96;871,62;1362,14;1206,64;256,54
1974;Kronobergs län;20,07;0,00;59,46;134,91;223,89;410,12;343,12;992,56;672,65;193,16
1974;Kalmar län;0,00;12,94;39,74;112,82;293,46;249,60;501,53;860,98;642,20;181,37
1974;Gotlands län;66,67;0,00;0,00;119,76;69,86;180,18;1217,04;737,10;890,87;194,51
1974;Blekinge län;0,00;0,00;22,06;126,73;95,40;378,43;652,07;635,50;457,67;157,69
1974;Skåne län;3,38;18,58;55,25;161,77;348,00;596,77;898,67;1027,52;1318,53;269,55
1974;Hallands län;0,00;0,00;31,77;161,46;313,05;412,12;465,28;594,45;1087,55;192,73
1974;Västra Götalands län;14,78;13,19;56,83;134,52;262,21;449,32;837,77;817,42;896,68;216,51
1974;Värmlands län;0,00;0,00;65,84;140,13;134,51;346,78;688,78;554,91;259,63;162,82
1974;Örebro län;0,00;10,77;80,16;92,30;150,27;489,72;738,11;701,05;915,75;195,68
1974;Västmanlands län;0,00;0,00;83,83;187,29;269,30;483,46;1049,87;893,85;1138,79;230,06
1974;Dalarnas län;0,00;0,00;54,54;55,01;248,88;514,86;664,53;554,91;625,84;186,61
1974;Gävleborgs län;11,35;20,06;87,95;203,82;326,44;543,39;979,81;1040,49;908,68;279,44
1974;Västernorrlands län;0,00;0,00;72,10;188,84;239,08;532,87;627,30;840,34;1242,24;225,29
1974;Jämtlands län;0,00;0,00;64,58;106,43;252,46;252,92;1155,30;909,78;910,87;240,21
1974;Västerbottens län;0,00;12,70;0,00;128,22;311,96;399,20;634,81;658,11;1094,39;183,96
1974;Norrbottens län;0,00;24,30;40,60;140,58;308,54;651,62;724,91;1078,58;649,88;213,72
1973;Riket;4,49;17,93;49,79;117,12;265,30;508,14;747,33;927,20;1183,76;216,14
1973;Stockholms län;6,72;20,43;69,02;139,30;281,17;713,13;863,47;1102,89;1279,44;220,54
1973;Uppsala län;0,00;44,37;95,07;98,14;225,50;481,04;801,34;658,88;1064,40;227,75
1973;Södermanlands län;0,00;12,51;81,89;163,57;375,97;409,84;973,39;1662,56;1115,24;274,82
1973;Östergötlands län;0,00;31,76;0,00;148,65;308,93;515,74;738,16;790,98;1256,00;220,84
1973;Jönköpings län;0,00;19,20;31,24;84,33;312,01;492,74;712,20;806,64;1331,25;214,70
1973;Kronobergs län;0,00;37,61;19,27;134,36;182,29;385,94;862,24;1091,70;1133,79;234,80
1973;Kalmar län;0,00;25,57;51,49;111,68;228,44;326,56;518,88;958,14;373,13;180,99
1973;Gotlands län;0,00;0,00;0,00;59,21;143,78;91,20;547,20;719,42;1363,64;135,76
1973;Blekinge län;0,00;0,00;0,00;84,47;145,03;644,12;481,58;744,53;608,37;174,69
1973;Skåne län;9,99;21,83;44,11;124,02;325,13;556,90;802,81;772,26;1821,37;249,33
1973;Hallands län;0,00;0,00;31,79;96,64;228,03;498,19;741,29;1020,76;1664,82;224,79
1973;Västra Götalands län;7,21;24,30;63,33;99,78;307,16;505,87;706,78;972,21;1214,94;223,97
1973;Värmlands län;0,00;9,79;32,46;117,87;198,99;491,52;823,43;817,31;856,90;207,88
1973;Örebro län;12,45;10,71;67,54;114,44;236,14;519,20;804,88;913,01;1116,80;226,02
1973;Västmanlands län;0,00;0,00;54,84;100,90;261,98;420,33;946,70;678,22;867,68;184,17
1973;Dalarnas län;0,00;20,55;32,53;108,91;191,73;288,60;767,04;999,76;1332,74;198,56
1973;Gävleborgs län;11,15;0,00;10,85;116,95;135,53;436,00;343,10;1075,27;928,07;166,50
1973;Västernorrlands län;0,00;10,90;23,66;93,60;268,42;597,01;642,28;1021,23;419,07;204,87
1973;Jämtlands län;0,00;0,00;126,56;172,45;311,32;411,65;716,52;838,41;1197,60;253,13
1973;Västerbottens län;0,00;12,71;67,10;113,92;201,11;477,60;895,09;798,67;580,55;195,44
1973;Norrbottens län;0,00;0,00;26,70;98,34;177,89;342,38;637,32;477,90;169,35;124,51
1972;Riket;3,98;13,87;60,00;140,05;265,85;505,31;752,73;985,58;1202,18;219,69
1972;Stockholms län;8,63;18,43;75,69;154,25;296,92;523,93;886,86;1049,46;1293,62;206,71
1972;Uppsala län;0,00;0,00;78,74;65,60;303,12;652,15;672,49;1045,83;1210,79;248,37
1972;Södermanlands län;0,00;50,18;40,10;123,55;299,85;989,66;971,52;2332,00;1746,14;344,97
1972;Östergötlands län;0,00;15,91;50,80;78,48;259,66;334,40;451,76;747,88;1240,31;167,30
1972;Jönköpings län;0,00;19,17;61,77;159,96;347,25;344,50;918,15;892,23;819,67;223,53
1972;Kronobergs län;0,00;0,00;37,66;154,14;207,80;585,12;1245,23;945,80;1419,28;285,55
1972;Kalmar län;0,00;0,00;24,80;98,79;248,18;409,72;467,02;872,02;464,47;174,39
1972;Gotlands län;0,00;0,00;61,44;294,64;291,33;185,44;1102,69;978,00;863,93;251,46
1972;Blekinge län;0,00;0,00;62,05;105,99;343,31;294,99;400,50;467,73;310,56;154,95
1972;Skåne län;3,27;22,04;60,15;166,51;312,78;603,73;849,37;1166,27;1669,65;270,71
1972;Hallands län;0,00;14,77;47,30;196,34;271,77;410,31;652,84;1182,61;339,75;209,54
1972;Västra Götalands län;11,69;8,91;55,17;150,88;289,25;466,10;790,35;1017,18;1208,21;225,83
1972;Värmlands län;0,00;0,00;63,85;149,31;151,36;541,49;488,64;634,61;1314,06;190,97
1972;Örebro län;0,00;10,59;33,32;91,44;210,08;497,60;621,47;781,25;1042,16;186,62
1972;Västmanlands län;0,00;0,00;94,97;146,24;269,49;326,04;629,86;1144,60;1185,19;189,60
1972;Dalarnas län;0,00;0,00;64,34;108,61;157,57;503,87;697,56;1104,44;1260,69;212,11
1972;Gävleborgs län;0,00;19,88;42,80;180,15;137,71;488,34;829,67;625,00;1200,92;208,18
1972;Västernorrlands län;0,00;11,02;104,57;161,55;287,30;537,83;483,30;883,98;1261,83;221,41
1972;Jämtlands län;0,00;0,00;20,67;87,84;289,51;475,81;1229,51;993,50;977,65;262,60
1972;Västerbottens län;0,00;12,68;66,73;143,35;238,93;598,18;693,43;479,62;1338,29;202,37
1972;Norrbottens län;0,00;37,45;53,03;56,49;146,35;477,57;455,20;563,38;726,61;134,58
1971;Riket;3,08;14,41;49,36;123,60;250,56;467,03;693,21;893,29;1114,56;198,06
1971;Stockholms län;4,14;20,85;49,38;176,00;271,77;591,70;903,46;1159,15;926,81;203,08
1971;Uppsala län;0,00;15,05;47,51;114,91;344,40;643,70;913,24;804,95;1365,19;266,54
1971;Södermanlands län;0,00;12,71;39,56;138,81;287,09;698,36;924,66;927,36;2084,78;259,03
1971;Östergötlands län;0,00;7,99;50,18;140,15;271,53;402,21;419,84;555,34;1147,07;170,37
1971;Jönköpings län;0,00;9,65;81,15;76,04;284,61;422,54;840,79;1086,19;1010,95;214,07
1971;Kronobergs län;0,00;0,00;37,20;77,82;232,72;310,30;616,65;891,86;369,91;169,85
1971;Kalmar län;0,00;25,40;48,45;61,90;237,30;442,48;769,34;740,15;842,70;198,27
1971;Gotlands län;0,00;0,00;0,00;177,25;369,00;378,07;565,37;1456,31;404,86;221,70
1971;Blekinge län;0,00;20,82;40,90;42,58;100,09;300,50;155,28;767,75;918,13;118,39
1971;Skåne län;0,00;15,98;52,87;126,28;321,16;535,41;828,18;1021,56;1397,06;240,25
1971;Hallands län;30,63;0,00;62,70;100,28;395,73;236,19;514,04;1176,88;949,55;201,50
1971;Västra Götalands län;4,53;15,83;42,68;149,69;195,03;475,68;585,98;833,95;1421,54;193,87
1971;Värmlands län;10,38;9,99;51,86;160,02;228,37;210,03;458,25;585,22;991,44;157,14
1971;Örebro län;11,38;31,67;76,53;104,26;281,33;493,12;664,55;636,60;585,65;195,29
1971;Västmanlands län;0,00;0,00;53,94;89,45;195,81;506,12;386,85;686,24;612,56;141,15
1971;Dalarnas län;0,00;0,00;63,75;87,22;255,31;388,14;839,37;635,23;1029,48;194,47
1971;Gävleborgs län;0,00;20,14;31,36;63,66;176,90;403,62;674,27;731,35;1041,67;171,19
1971;Västernorrlands län;0,00;0,00;56,98;68,77;236,19;496,28;694,85;506,04;1197,60;182,62
1971;Jämtlands län;0,00;20,42;40,68;178,23;105,08;387,41;507,97;1243,20;1300,58;211,74
1971;Västerbottens län;0,00;12,68;40,01;57,67;277,13;422,78;1000,56;1414,43;923,08;211,64
1971;Norrbottens län;0,00;12,58;26,35;113,64;168,74;414,99;424,99;917,43;388,73;133,42
1970;Riket;4,08;17,96;44,93;117,78;227,34;442,14;720,28;915,14;988,53;189,11
1970;Stockholms län;3,97;26,13;60,90;137,08;315,58;519,37;687,78;923,64;1342,51;185,60
1970;Uppsala län;0,00;15,46;47,08;99,31;213,28;413,52;905,45;1363,07;1060,70;235,88
1970;Södermanlands län;0,00;26,37;65,02;141,23;171,64;625,22;910,36;1326,18;1294,03;241,13
1970;Östergötlands län;0,00;8,18;49,73;105,97;211,73;542,40;523,74;730,37;682,30;172,47
1970;Jönköpings län;0,00;0,00;29,94;99,95;206,04;398,41;639,51;580,69;515,91;152,50
1970;Kronobergs län;0,00;0,00;73,96;139,17;186,63;402,13;646,55;375,66;388,60;168,05
1970;Kalmar län;0,00;25,47;47,89;62,50;283,52;218,99;640,05;644,64;570,07;160,51
1970;Gotlands län;0,00;61,67;232,49;241,33;444,77;387,22;1141,23;486,03;400,80;288,60
1970;Blekinge län;21,14;0,00;40,33;42,69;102,68;240,18;698,74;584,51;905,66;139,25
1970;Skåne län;9,29;26,43;42,58;153,17;280,72;501,54;906,18;1147,52;1882,95;254,63
1970;Hallands län;14,95;0,00;15,77;169,79;201,96;348,43;325,20;622,41;754,24;149,86
1970;Västra Götalands län;6,53;14,01;42,21;123,73;176,11;409,19;611,09;836,82;697,67;167,21
1970;Värmlands län;0,00;10,33;50,73;32,18;128,19;277,85;448,67;835,38;658,20;128,75
1970;Örebro län;0,00;10,81;43,10;94,21;296,90;409,56;861,68;1028,14;915,56;204,73
1970;Västmanlands län;0,00;13,18;26,82;107,21;261,73;637,03;800,00;775,19;1145,66;190,02
1970;Dalarnas län;0,00;20,65;42,21;55,19;204,32;461,24;735,29;744,79;799,20;178,93
1970;Gävleborgs län;9,99;10,43;10,19;117,30;228,99;515,64;743,00;895,08;301,96;188,43
1970;Västernorrlands län;0,00;22,96;11,16;92,83;168,07;453,51;718,67;1065,92;580,72;175,84
1970;Jämtlands län;0,00;0,00;20,21;134,68;290,12;396,50;841,12;1182,97;916,73;231,97
1970;Västerbottens län;0,00;38,49;26,66;144,07;175,64;415,04;873,69;1681,29;658,98;205,91
1970;Norrbottens län;0,00;25,48;52,28;115,22;153,52;322,10;1049,87;714,92;997,01;161,90
Socialstyrelsens statistikdatabas 2019-11-28